ID,OBRA,CREATED,DESCRICAO,CLASSE_COMP,INSUMO_ATUAL,IP_D,UNIDADE,COEF_SIURB
3,Obra A,2021-02-04 11:44:00,BLOCOS VAZADOS DE CONCRETO APARENTE - 19CM,ALVENARIA BLOCO APARENTE,MAO DE OBRA,1.12361111111111,H/M2,1.9449
4,Obra A,2021-02-04 12:23:00,BLOCOS VAZADOS DE CONCRETO APARENTE - 19CM,ALVENARIA BLOCO APARENTE,MAO DE OBRA,2.03478260869565,H/M2,1.9449
5,Obra A,2021-02-04 12:40:00,BLOCOS VAZADOS DE CONCRETO APARENTE - 19CM,ALVENARIA BLOCO APARENTE,MAO DE OBRA,1.03703703703704,H/M2,1.9449
6,Obra A,2021-02-05 10:09:00,BLOCOS VAZADOS DE CONCRETO APARENTE - 19CM,ALVENARIA BLOCO APARENTE,MAO DE OBRA,0.803137651821862,H/M2,1.9449
7,Obra A,2021-02-05 10:11:30,BLOCOS VAZADOS DE CONCRETO APARENTE - 19CM,ALVENARIA BLOCO APARENTE,MAO DE OBRA,1.8030303030303,H/M2,1.9449
8,Obra A,2021-02-08 12:30:00,BLOCOS VAZADOS DE CONCRETO APARENTE - 19CM,ALVENARIA BLOCO APARENTE,MAO DE OBRA,1.14583333333333,H/M2,1.9449
9,Obra A,2021-02-08 12:35:00,BLOCOS VAZADOS DE CONCRETO APARENTE - 19CM,ALVENARIA BLOCO APARENTE,MAO DE OBRA,1.39218009478673,H/M2,1.9449
10,Obra A,2021-02-09 12:20:00,BLOCOS VAZADOS DE CONCRETO APARENTE - 19CM,ALVENARIA BLOCO APARENTE,MAO DE OBRA,0.865051903114187,H/M2,1.9449
11,Obra A,2021-02-09 12:25:00,BLOCOS VAZADOS DE CONCRETO APARENTE - 19CM,ALVENARIA BLOCO APARENTE,MAO DE OBRA,0.926388888888889,H/M2,1.9449
12,Obra A,2021-02-10 11:40:00,BLOCOS VAZADOS DE CONCRETO APARENTE - 19CM,ALVENARIA BLOCO APARENTE,MAO DE OBRA,2.69148936170213,H/M2,1.9449
13,Obra A,2021-02-11 12:00:00,BLOCOS VAZADOS DE CONCRETO APARENTE - 19CM,ALVENARIA BLOCO APARENTE,MAO DE OBRA,3.15057251908397,H/M2,1.9449
14,Obra A,2021-02-11 12:37:30,BLOCOS VAZADOS DE CONCRETO APARENTE - 19CM,ALVENARIA BLOCO APARENTE,MAO DE OBRA,3.04752066115702,H/M2,1.9449
15,Obra A,2021-02-12 11:02:30,BLOCOS VAZADOS DE CONCRETO APARENTE - 19CM,ALVENARIA BLOCO APARENTE,MAO DE OBRA,1.55555555555556,H/M2,1.9449
16,Obra A,2021-02-12 11:57:00,BLOCOS VAZADOS DE CONCRETO APARENTE - 19CM,ALVENARIA BLOCO APARENTE,MAO DE OBRA,0.901960784313726,H/M2,1.9449
17,Obra A,2021-02-12 12:00:00,BLOCOS VAZADOS DE CONCRETO APARENTE - 19CM,ALVENARIA BLOCO APARENTE,MAO DE OBRA,3.87339055793991,H/M2,1.9449
18,Obra A,2021-02-15 09:30:00,BLOCOS VAZADOS DE CONCRETO APARENTE - 19CM,ALVENARIA BLOCO APARENTE,MAO DE OBRA,0.597014925373134,H/M2,1.9449
19,Obra A,2021-02-15 11:15:00,BLOCOS VAZADOS DE CONCRETO APARENTE - 19CM,ALVENARIA BLOCO APARENTE,MAO DE OBRA,0.769230769230769,H/M2,1.9449
20,Obra A,2021-02-15 11:30:00,BLOCOS VAZADOS DE CONCRETO APARENTE - 19CM,ALVENARIA BLOCO APARENTE,MAO DE OBRA,2.73776223776224,H/M2,1.9449
21,Obra A,2021-02-15 11:35:00,BLOCOS VAZADOS DE CONCRETO APARENTE - 19CM,ALVENARIA BLOCO APARENTE,MAO DE OBRA,0.765625,H/M2,1.9449
22,Obra A,2021-02-15 11:45:00,BLOCOS VAZADOS DE CONCRETO APARENTE - 19CM,ALVENARIA BLOCO APARENTE,MAO DE OBRA,1.61904761904762,H/M2,1.9449
23,Obra A,2021-02-17 08:15:00,BLOCOS VAZADOS DE CONCRETO APARENTE - 19CM,ALVENARIA BLOCO APARENTE,MAO DE OBRA,0.588235294117647,H/M2,1.9449
24,Obra A,2021-02-17 10:35:00,BLOCOS VAZADOS DE CONCRETO APARENTE - 19CM,ALVENARIA BLOCO APARENTE,MAO DE OBRA,1.2012987012987,H/M2,1.9449
25,Obra A,2021-02-17 11:30:00,BLOCOS VAZADOS DE CONCRETO APARENTE - 19CM,ALVENARIA BLOCO APARENTE,MAO DE OBRA,1.83381088825215,H/M2,1.9449
26,Obra A,2021-02-17 11:47:30,BLOCOS VAZADOS DE CONCRETO APARENTE - 19CM,ALVENARIA BLOCO APARENTE,MAO DE OBRA,2.2396694214876,H/M2,1.9449
27,Obra A,2021-02-17 14:00:00,BLOCOS VAZADOS DE CONCRETO APARENTE - 19CM,ALVENARIA BLOCO APARENTE,MAO DE OBRA,0.489795918367347,H/M2,1.9449
28,Obra A,2021-02-18 09:30:00,BLOCOS VAZADOS DE CONCRETO APARENTE - 19CM,ALVENARIA BLOCO APARENTE,MAO DE OBRA,1.89393939393939,H/M2,1.9449
29,Obra A,2021-02-18 11:00:00,BLOCOS VAZADOS DE CONCRETO APARENTE - 19CM,ALVENARIA BLOCO APARENTE,MAO DE OBRA,0.666666666666667,H/M2,1.9449
30,Obra A,2021-02-18 11:40:00,BLOCOS VAZADOS DE CONCRETO APARENTE - 19CM,ALVENARIA BLOCO APARENTE,MAO DE OBRA,0.925555555555556,H/M2,1.9449
31,Obra A,2021-02-18 12:00:00,BLOCOS VAZADOS DE CONCRETO APARENTE - 19CM,ALVENARIA BLOCO APARENTE,MAO DE OBRA,1.50208623087622,H/M2,1.9449
32,Obra A,2021-02-26 08:52:00,BLOCOS VAZADOS DE CONCRETO APARENTE - 19CM,ALVENARIA BLOCO APARENTE,MAO DE OBRA,1.17647058823529,H/M2,1.9449
33,Obra A,2021-02-26 08:55:00,BLOCOS VAZADOS DE CONCRETO APARENTE - 19CM,ALVENARIA BLOCO APARENTE,MAO DE OBRA,0.797916666666667,H/M2,1.9449
34,Obra A,2021-02-26 12:35:00,BLOCOS VAZADOS DE CONCRETO APARENTE - 19CM,ALVENARIA BLOCO APARENTE,MAO DE OBRA,1.50300601202405,H/M2,1.9449
35,Obra A,2021-02-26 13:55:00,BLOCOS VAZADOS DE CONCRETO APARENTE - 19CM,ALVENARIA BLOCO APARENTE,MAO DE OBRA,0.337638376383764,H/M2,1.9449
36,Obra A,2021-03-01 08:50:00,BLOCOS VAZADOS DE CONCRETO APARENTE - 19CM,ALVENARIA BLOCO APARENTE,MAO DE OBRA,1.86046511627907,H/M2,1.9449
37,Obra A,2021-03-01 09:20:00,BLOCOS VAZADOS DE CONCRETO APARENTE - 19CM,ALVENARIA BLOCO APARENTE,MAO DE OBRA,0.522352941176471,H/M2,1.9449
38,Obra A,2021-03-01 09:30:00,BLOCOS VAZADOS DE CONCRETO APARENTE - 19CM,ALVENARIA BLOCO APARENTE,MAO DE OBRA,1.22549019607843,H/M2,1.9449
39,Obra A,2021-03-01 11:10:30,BLOCOS VAZADOS DE CONCRETO APARENTE - 19CM,ALVENARIA BLOCO APARENTE,MAO DE OBRA,0.978428351309707,H/M2,1.9449
40,Obra A,2021-03-01 11:12:30,BLOCOS VAZADOS DE CONCRETO APARENTE - 19CM,ALVENARIA BLOCO APARENTE,MAO DE OBRA,0.567407407407407,H/M2,1.9449
41,Obra A,2021-03-01 13:57:30,BLOCOS VAZADOS DE CONCRETO APARENTE - 19CM,ALVENARIA BLOCO APARENTE,MAO DE OBRA,0.649152542372881,H/M2,1.9449
42,Obra A,2021-03-02 07:21:00,BLOCOS VAZADOS DE CONCRETO APARENTE - 19CM,ALVENARIA BLOCO APARENTE,MAO DE OBRA,0.183006535947712,H/M2,1.9449
43,Obra A,2021-03-02 08:15:00,BLOCOS VAZADOS DE CONCRETO APARENTE - 19CM,ALVENARIA BLOCO APARENTE,MAO DE OBRA,0.418136020151133,H/M2,1.9449
44,Obra A,2021-03-02 08:27:30,BLOCOS VAZADOS DE CONCRETO APARENTE - 19CM,ALVENARIA BLOCO APARENTE,MAO DE OBRA,1.31531531531532,H/M2,1.9449
45,Obra A,2021-03-02 10:57:30,BLOCOS VAZADOS DE CONCRETO APARENTE - 19CM,ALVENARIA BLOCO APARENTE,MAO DE OBRA,0.754977520873474,H/M2,1.9449
46,Obra A,2021-03-02 11:25:00,BLOCOS VAZADOS DE CONCRETO APARENTE - 19CM,ALVENARIA BLOCO APARENTE,MAO DE OBRA,0.609195402298851,H/M2,1.9449
47,Obra A,2021-03-02 12:55:00,BLOCOS VAZADOS DE CONCRETO APARENTE - 19CM,ALVENARIA BLOCO APARENTE,MAO DE OBRA,0.945945945945946,H/M2,1.9449
48,Obra A,2021-03-02 13:08:00,BLOCOS VAZADOS DE CONCRETO APARENTE - 19CM,ALVENARIA BLOCO APARENTE,MAO DE OBRA,1.48854961832061,H/M2,1.9449
49,Obra A,2021-03-03 08:28:00,BLOCOS VAZADOS DE CONCRETO APARENTE - 19CM,ALVENARIA BLOCO APARENTE,MAO DE OBRA,0.6318347509113,H/M2,1.9449
50,Obra A,2021-03-03 09:20:00,BLOCOS VAZADOS DE CONCRETO APARENTE - 19CM,ALVENARIA BLOCO APARENTE,MAO DE OBRA,2.25733634311512,H/M2,1.9449
51,Obra A,2021-03-03 11:06:00,BLOCOS VAZADOS DE CONCRETO APARENTE - 19CM,ALVENARIA BLOCO APARENTE,MAO DE OBRA,0.779748706577975,H/M2,1.9449
52,Obra A,2021-03-03 11:10:00,BLOCOS VAZADOS DE CONCRETO APARENTE - 19CM,ALVENARIA BLOCO APARENTE,MAO DE OBRA,5.74712643678161,H/M2,1.9449
53,Obra A,2021-03-03 12:20:00,BLOCOS VAZADOS DE CONCRETO APARENTE - 19CM,ALVENARIA BLOCO APARENTE,MAO DE OBRA,1.22887864823349,H/M2,1.9449
54,Obra A,2021-03-04 08:13:00,BLOCOS VAZADOS DE CONCRETO APARENTE - 19CM,ALVENARIA BLOCO APARENTE,MAO DE OBRA,1.10718492343934,H/M2,1.9449
55,Obra A,2021-03-04 09:22:30,BLOCOS VAZADOS DE CONCRETO APARENTE - 19CM,ALVENARIA BLOCO APARENTE,MAO DE OBRA,1.32127955493741,H/M2,1.9449
56,Obra A,2021-03-04 09:43:00,BLOCOS VAZADOS DE CONCRETO APARENTE - 19CM,ALVENARIA BLOCO APARENTE,MAO DE OBRA,1.56462585034014,H/M2,1.9449
57,Obra A,2021-03-04 11:10:00,BLOCOS VAZADOS DE CONCRETO APARENTE - 19CM,ALVENARIA BLOCO APARENTE,MAO DE OBRA,0.468643490115883,H/M2,1.9449
58,Obra A,2021-03-04 11:15:00,BLOCOS VAZADOS DE CONCRETO APARENTE - 19CM,ALVENARIA BLOCO APARENTE,MAO DE OBRA,1.2396694214876,H/M2,1.9449
59,Obra A,2021-03-04 12:11:30,BLOCOS VAZADOS DE CONCRETO APARENTE - 19CM,ALVENARIA BLOCO APARENTE,MAO DE OBRA,1.48080438756856,H/M2,1.9449
60,Obra A,2021-03-05 08:45:00,BLOCOS VAZADOS DE CONCRETO APARENTE - 19CM,ALVENARIA BLOCO APARENTE,MAO DE OBRA,1.08695652173913,H/M2,1.9449
61,Obra A,2021-03-05 10:32:30,BLOCOS VAZADOS DE CONCRETO APARENTE - 19CM,ALVENARIA BLOCO APARENTE,MAO DE OBRA,1.66666666666667,H/M2,1.9449
62,Obra A,2021-03-05 12:30:00,BLOCOS VAZADOS DE CONCRETO APARENTE - 19CM,ALVENARIA BLOCO APARENTE,MAO DE OBRA,1.97919762258544,H/M2,1.9449
63,Obra A,2021-03-05 12:40:00,BLOCOS VAZADOS DE CONCRETO APARENTE - 19CM,ALVENARIA BLOCO APARENTE,MAO DE OBRA,0.600282485875706,H/M2,1.9449
64,Obra A,2021-03-08 08:40:00,BLOCOS VAZADOS DE CONCRETO APARENTE - 19CM,ALVENARIA BLOCO APARENTE,MAO DE OBRA,1.42755174875089,H/M2,1.9449
65,Obra A,2021-03-08 10:15:00,BLOCOS VAZADOS DE CONCRETO APARENTE - 19CM,ALVENARIA BLOCO APARENTE,MAO DE OBRA,0.951949229374433,H/M2,1.9449
66,Obra A,2021-03-08 11:00:00,BLOCOS VAZADOS DE CONCRETO APARENTE - 19CM,ALVENARIA BLOCO APARENTE,MAO DE OBRA,0.950475237618809,H/M2,1.9449
67,Obra A,2021-03-09 08:35:00,BLOCOS VAZADOS DE CONCRETO APARENTE - 19CM,ALVENARIA BLOCO APARENTE,MAO DE OBRA,0.603174603174603,H/M2,1.9449
68,Obra A,2021-03-09 10:57:30,BLOCOS VAZADOS DE CONCRETO APARENTE - 19CM,ALVENARIA BLOCO APARENTE,MAO DE OBRA,2.32487922705314,H/M2,1.9449
69,Obra A,2021-03-09 12:28:30,BLOCOS VAZADOS DE CONCRETO APARENTE - 19CM,ALVENARIA BLOCO APARENTE,MAO DE OBRA,0.454974068835455,H/M2,1.9449
70,Obra A,2021-03-10 09:20:00,BLOCOS VAZADOS DE CONCRETO APARENTE - 19CM,ALVENARIA BLOCO APARENTE,MAO DE OBRA,0.649501275806078,H/M2,1.9449
71,Obra A,2021-03-10 11:20:00,BLOCOS VAZADOS DE CONCRETO APARENTE - 19CM,ALVENARIA BLOCO APARENTE,MAO DE OBRA,1.7329255861366,H/M2,1.9449
72,Obra A,2021-03-11 08:54:00,BLOCOS VAZADOS DE CONCRETO APARENTE - 19CM,ALVENARIA BLOCO APARENTE,MAO DE OBRA,0.985306828003457,H/M2,1.9449
73,Obra A,2021-03-11 12:17:00,BLOCOS VAZADOS DE CONCRETO APARENTE - 19CM,ALVENARIA BLOCO APARENTE,MAO DE OBRA,2.63222632226322,H/M2,1.9449
74,Obra A,2021-03-11 12:45:30,BLOCOS VAZADOS DE CONCRETO APARENTE - 19CM,ALVENARIA BLOCO APARENTE,MAO DE OBRA,1.43973214285714,H/M2,1.9449
75,Obra A,2021-03-12 09:15:00,BLOCOS VAZADOS DE CONCRETO APARENTE - 19CM,ALVENARIA BLOCO APARENTE,MAO DE OBRA,2.80082987551867,H/M2,1.9449
76,Obra A,2021-03-15 10:35:00,BLOCOS VAZADOS DE CONCRETO APARENTE - 19CM,ALVENARIA BLOCO APARENTE,MAO DE OBRA,1.31187410586552,H/M2,1.9449
77,Obra A,2021-03-15 10:52:30,BLOCOS VAZADOS DE CONCRETO APARENTE - 19CM,ALVENARIA BLOCO APARENTE,MAO DE OBRA,0.689831374552887,H/M2,1.9449
78,Obra A,2021-03-16 10:42:30,BLOCOS VAZADOS DE CONCRETO APARENTE - 19CM,ALVENARIA BLOCO APARENTE,MAO DE OBRA,0.61429215509468,H/M2,1.9449
79,Obra A,2021-03-16 12:13:30,BLOCOS VAZADOS DE CONCRETO APARENTE - 19CM,ALVENARIA BLOCO APARENTE,MAO DE OBRA,0.59414466130884,H/M2,1.9449
80,Obra A,2021-03-17 08:15:00,BLOCOS VAZADOS DE CONCRETO APARENTE - 19CM,ALVENARIA BLOCO APARENTE,MAO DE OBRA,1.20772946859903,H/M2,1.9449
81,Obra A,2021-03-17 10:17:30,BLOCOS VAZADOS DE CONCRETO APARENTE - 19CM,ALVENARIA BLOCO APARENTE,MAO DE OBRA,0.665474771553437,H/M2,1.9449
82,Obra A,2021-03-18 10:50:00,BLOCOS VAZADOS DE CONCRETO APARENTE - 19CM,ALVENARIA BLOCO APARENTE,MAO DE OBRA,1.28772727272727,H/M2,1.9449
83,Obra A,2021-03-19 09:50:00,BLOCOS VAZADOS DE CONCRETO APARENTE - 19CM,ALVENARIA BLOCO APARENTE,MAO DE OBRA,0.67439293598234,H/M2,1.9449
84,Obra A,2021-03-22 09:00:00,BLOCOS VAZADOS DE CONCRETO APARENTE - 19CM,ALVENARIA BLOCO APARENTE,MAO DE OBRA,2.19112627986348,H/M2,1.9449
85,Obra A,2021-03-22 10:54:00,BLOCOS VAZADOS DE CONCRETO APARENTE - 19CM,ALVENARIA BLOCO APARENTE,MAO DE OBRA,0.69672131147541,H/M2,1.9449
86,Obra A,2021-03-23 09:17:30,BLOCOS VAZADOS DE CONCRETO APARENTE - 19CM,ALVENARIA BLOCO APARENTE,MAO DE OBRA,1.81746031746032,H/M2,1.9449
87,Obra A,2021-03-23 10:47:30,BLOCOS VAZADOS DE CONCRETO APARENTE - 19CM,ALVENARIA BLOCO APARENTE,MAO DE OBRA,0.707372688117558,H/M2,1.9449
88,Obra A,2021-03-24 09:02:30,BLOCOS VAZADOS DE CONCRETO APARENTE - 19CM,ALVENARIA BLOCO APARENTE,MAO DE OBRA,2.10852713178295,H/M2,1.9449
89,Obra A,2021-03-24 10:39:00,BLOCOS VAZADOS DE CONCRETO APARENTE - 19CM,ALVENARIA BLOCO APARENTE,MAO DE OBRA,2.49411764705882,H/M2,1.9449
90,Obra A,2021-03-25 10:45:00,BLOCOS VAZADOS DE CONCRETO APARENTE - 19CM,ALVENARIA BLOCO APARENTE,MAO DE OBRA,3.42105263157895,H/M2,1.9449
91,Obra A,2021-03-25 10:55:30,BLOCOS VAZADOS DE CONCRETO APARENTE - 19CM,ALVENARIA BLOCO APARENTE,MAO DE OBRA,3.63354037267081,H/M2,1.9449
92,Obra A,2021-03-25 11:02:00,BLOCOS VAZADOS DE CONCRETO APARENTE - 19CM,ALVENARIA BLOCO APARENTE,MAO DE OBRA,0.918984280532044,H/M2,1.9449
93,Obra A,2021-03-26 09:12:30,BLOCOS VAZADOS DE CONCRETO APARENTE - 19CM,ALVENARIA BLOCO APARENTE,MAO DE OBRA,2.27486338797814,H/M2,1.9449
94,Obra A,2021-03-26 09:15:30,BLOCOS VAZADOS DE CONCRETO APARENTE - 19CM,ALVENARIA BLOCO APARENTE,MAO DE OBRA,1.0949494949495,H/M2,1.9449
95,Obra A,2021-03-26 11:49:00,BLOCOS VAZADOS DE CONCRETO APARENTE - 19CM,ALVENARIA BLOCO APARENTE,MAO DE OBRA,2.56537102473498,H/M2,1.9449
96,Obra A,2021-03-26 12:05:30,BLOCOS VAZADOS DE CONCRETO APARENTE - 19CM,ALVENARIA BLOCO APARENTE,MAO DE OBRA,0.665932856356632,H/M2,1.9449
97,Obra A,2021-03-29 10:35:00,BLOCOS VAZADOS DE CONCRETO APARENTE - 19CM,ALVENARIA BLOCO APARENTE,MAO DE OBRA,3.11616161616162,H/M2,1.9449
98,Obra A,2021-03-29 10:42:30,BLOCOS VAZADOS DE CONCRETO APARENTE - 19CM,ALVENARIA BLOCO APARENTE,MAO DE OBRA,1.00890985324948,H/M2,1.9449
99,Obra A,2021-03-30 09:10:00,BLOCOS VAZADOS DE CONCRETO APARENTE - 19CM,ALVENARIA BLOCO APARENTE,MAO DE OBRA,1.15812917594655,H/M2,1.9449
100,Obra A,2021-03-30 10:47:00,BLOCOS VAZADOS DE CONCRETO APARENTE - 19CM,ALVENARIA BLOCO APARENTE,MAO DE OBRA,2.11131386861314,H/M2,1.9449
101,Obra A,2021-03-31 10:34:00,BLOCOS VAZADOS DE CONCRETO APARENTE - 19CM,ALVENARIA BLOCO APARENTE,MAO DE OBRA,2.89150943396226,H/M2,1.9449
102,Obra A,2021-03-31 10:40:00,BLOCOS VAZADOS DE CONCRETO APARENTE - 19CM,ALVENARIA BLOCO APARENTE,MAO DE OBRA,0.785661126271397,H/M2,1.9449
103,Obra A,2021-04-01 10:39:30,BLOCOS VAZADOS DE CONCRETO APARENTE - 19CM,ALVENARIA BLOCO APARENTE,MAO DE OBRA,0.906092884533447,H/M2,1.9449
104,Obra A,2021-04-01 10:42:30,BLOCOS VAZADOS DE CONCRETO APARENTE - 19CM,ALVENARIA BLOCO APARENTE,MAO DE OBRA,0.988430656934307,H/M2,1.9449
105,Obra A,2021-04-05 10:25:00,BLOCOS VAZADOS DE CONCRETO APARENTE - 19CM,ALVENARIA BLOCO APARENTE,MAO DE OBRA,1.6025641025641,H/M2,1.9449
106,Obra A,2021-04-05 10:35:00,BLOCOS VAZADOS DE CONCRETO APARENTE - 19CM,ALVENARIA BLOCO APARENTE,MAO DE OBRA,0.825656132833422,H/M2,1.9449
107,Obra A,2021-04-05 10:42:00,BLOCOS VAZADOS DE CONCRETO APARENTE - 19CM,ALVENARIA BLOCO APARENTE,MAO DE OBRA,0.883918241419206,H/M2,1.9449
108,Obra A,2021-04-06 10:40:00,BLOCOS VAZADOS DE CONCRETO APARENTE - 19CM,ALVENARIA BLOCO APARENTE,MAO DE OBRA,2.72844827586207,H/M2,1.9449
109,Obra A,2021-04-06 11:00:00,BLOCOS VAZADOS DE CONCRETO APARENTE - 19CM,ALVENARIA BLOCO APARENTE,MAO DE OBRA,0.629496402877698,H/M2,1.9449
110,Obra A,2021-04-07 10:59:30,BLOCOS VAZADOS DE CONCRETO APARENTE - 19CM,ALVENARIA BLOCO APARENTE,MAO DE OBRA,0.794385432473445,H/M2,1.9449
111,Obra A,2021-04-07 11:27:00,BLOCOS VAZADOS DE CONCRETO APARENTE - 19CM,ALVENARIA BLOCO APARENTE,MAO DE OBRA,3.41463414634146,H/M2,1.9449
112,Obra A,2021-04-08 09:40:00,BLOCOS VAZADOS DE CONCRETO APARENTE - 19CM,ALVENARIA BLOCO APARENTE,MAO DE OBRA,1.14926108374384,H/M2,1.9449
113,Obra A,2021-04-09 11:19:30,BLOCOS VAZADOS DE CONCRETO APARENTE - 19CM,ALVENARIA BLOCO APARENTE,MAO DE OBRA,1.09669811320755,H/M2,1.9449
114,Obra A,2021-04-12 11:10:00,BLOCOS VAZADOS DE CONCRETO APARENTE - 19CM,ALVENARIA BLOCO APARENTE,MAO DE OBRA,1.10969084423306,H/M2,1.9449
115,Obra A,2021-04-13 11:20:00,BLOCOS VAZADOS DE CONCRETO APARENTE - 19CM,ALVENARIA BLOCO APARENTE,MAO DE OBRA,1.16845493562232,H/M2,1.9449
116,Obra A,2021-04-14 11:23:30,BLOCOS VAZADOS DE CONCRETO APARENTE - 19CM,ALVENARIA BLOCO APARENTE,MAO DE OBRA,1.16573816155989,H/M2,1.9449
117,Obra A,2021-04-15 10:45:00,BLOCOS VAZADOS DE CONCRETO APARENTE - 19CM,ALVENARIA BLOCO APARENTE,MAO DE OBRA,1.4344262295082,H/M2,1.9449
118,Obra A,2021-04-20 09:00:00,BLOCOS VAZADOS DE CONCRETO APARENTE - 19CM,ALVENARIA BLOCO APARENTE,MAO DE OBRA,0.500876533934385,H/M2,1.9449
119,Obra A,2021-04-22 10:41:30,BLOCOS VAZADOS DE CONCRETO APARENTE - 19CM,ALVENARIA BLOCO APARENTE,MAO DE OBRA,0.5359375,H/M2,1.9449
120,Obra A,2021-04-26 10:38:30,BLOCOS VAZADOS DE CONCRETO APARENTE - 19CM,ALVENARIA BLOCO APARENTE,MAO DE OBRA,0.783416458852868,H/M2,1.9449
121,Obra A,2021-04-27 09:16:30,BLOCOS VAZADOS DE CONCRETO APARENTE - 19CM,ALVENARIA BLOCO APARENTE,MAO DE OBRA,1.36217948717949,H/M2,1.9449
122,Obra A,2021-04-28 10:36:30,BLOCOS VAZADOS DE CONCRETO APARENTE - 19CM,ALVENARIA BLOCO APARENTE,MAO DE OBRA,0.812848675034867,H/M2,1.9449
123,Obra A,2021-04-29 11:10:00,BLOCOS VAZADOS DE CONCRETO APARENTE - 19CM,ALVENARIA BLOCO APARENTE,MAO DE OBRA,0.56785917092561,H/M2,1.9449
124,Obra A,2021-04-30 11:17:00,BLOCOS VAZADOS DE CONCRETO APARENTE - 19CM,ALVENARIA BLOCO APARENTE,MAO DE OBRA,0.679563492063492,H/M2,1.9449
125,Obra A,2021-09-24 09:55:00,BLOCOS VAZADOS DE CONCRETO APARENTE - 19CM,ALVENARIA BLOCO APARENTE,MAO DE OBRA,1.45585837409737,H/M2,1.9449
126,Obra A,2021-10-19 11:25:00,BLOCOS VAZADOS DE CONCRETO APARENTE - 19CM,ALVENARIA BLOCO APARENTE,MAO DE OBRA,2.42047026279391,H/M2,1.9449
127,Obra A,2021-10-20 20:50:00,BLOCOS VAZADOS DE CONCRETO APARENTE - 19CM,ALVENARIA BLOCO APARENTE,MAO DE OBRA,4.71293916023993,H/M2,1.9449
128,Obra B,2021-05-17 12:00:00,BLOCOS VAZADOS DE CONCRETO - 09CM,ALVENARIA BLOCOS DE CONCRETO 1,MAO DE OBRA,0.538823529411765,H/M2,1.3203
129,Obra B,2021-05-19 10:27:00,BLOCOS VAZADOS DE CONCRETO - 09CM,ALVENARIA BLOCOS DE CONCRETO 1,MAO DE OBRA,0.387441549766199,H/M2,1.3203
130,Obra B,2021-05-19 11:30:00,BLOCOS VAZADOS DE CONCRETO - 09CM,ALVENARIA BLOCOS DE CONCRETO 1,MAO DE OBRA,0.484848484848485,H/M2,1.3203
131,Obra B,2021-05-20 09:15:00,BLOCOS VAZADOS DE CONCRETO - 09CM,ALVENARIA BLOCOS DE CONCRETO 1,MAO DE OBRA,0.487276664861938,H/M2,1.3203
132,Obra B,2021-05-20 09:30:00,BLOCOS VAZADOS DE CONCRETO - 09CM,ALVENARIA BLOCOS DE CONCRETO 1,MAO DE OBRA,0.65359477124183,H/M2,1.3203
133,Obra B,2021-05-21 09:30:00,BLOCOS VAZADOS DE CONCRETO - 09CM,ALVENARIA BLOCOS DE CONCRETO 1,MAO DE OBRA,0.378250591016549,H/M2,1.3203
134,Obra B,2021-05-22 09:15:00,BLOCOS VAZADOS DE CONCRETO - 09CM,ALVENARIA BLOCOS DE CONCRETO 1,MAO DE OBRA,0.686813186813187,H/M2,1.3203
135,Obra B,2021-05-24 11:37:30,BLOCOS VAZADOS DE CONCRETO - 09CM,ALVENARIA BLOCOS DE CONCRETO 1,MAO DE OBRA,1.01086956521739,H/M2,1.3203
136,Obra B,2021-05-24 12:02:30,BLOCOS VAZADOS DE CONCRETO - 09CM,ALVENARIA BLOCOS DE CONCRETO 1,MAO DE OBRA,5.19125683060109,H/M2,1.3203
137,Obra B,2021-05-25 11:30:00,BLOCOS VAZADOS DE CONCRETO - 09CM,ALVENARIA BLOCOS DE CONCRETO 1,MAO DE OBRA,4.16666666666667,H/M2,1.3203
138,Obra B,2021-05-26 08:50:00,BLOCOS VAZADOS DE CONCRETO - 09CM,ALVENARIA BLOCOS DE CONCRETO 1,MAO DE OBRA,2.92982456140351,H/M2,1.3203
139,Obra B,2021-05-26 09:45:00,BLOCOS VAZADOS DE CONCRETO - 09CM,ALVENARIA BLOCOS DE CONCRETO 1,MAO DE OBRA,0.675675675675676,H/M2,1.3203
140,Obra B,2021-05-26 10:25:00,BLOCOS VAZADOS DE CONCRETO - 09CM,ALVENARIA BLOCOS DE CONCRETO 1,MAO DE OBRA,0.723053892215569,H/M2,1.3203
141,Obra B,2021-05-28 09:02:30,BLOCOS VAZADOS DE CONCRETO - 09CM,ALVENARIA BLOCOS DE CONCRETO 1,MAO DE OBRA,0.619095477386935,H/M2,1.3203
142,Obra B,2021-05-28 11:25:00,BLOCOS VAZADOS DE CONCRETO - 09CM,ALVENARIA BLOCOS DE CONCRETO 1,MAO DE OBRA,0.807056229327453,H/M2,1.3203
143,Obra B,2021-05-31 12:00:00,BLOCOS VAZADOS DE CONCRETO - 09CM,ALVENARIA BLOCOS DE CONCRETO 1,MAO DE OBRA,0.613967766692249,H/M2,1.3203
144,Obra B,2021-06-04 08:35:00,BLOCOS VAZADOS DE CONCRETO - 09CM,ALVENARIA BLOCOS DE CONCRETO 1,MAO DE OBRA,1.6953125,H/M2,1.3203
145,Obra B,2021-06-04 08:42:30,BLOCOS VAZADOS DE CONCRETO - 09CM,ALVENARIA BLOCOS DE CONCRETO 1,MAO DE OBRA,1.890625,H/M2,1.3203
146,Obra B,2021-06-04 14:00:00,BLOCOS VAZADOS DE CONCRETO - 09CM,ALVENARIA BLOCOS DE CONCRETO 1,MAO DE OBRA,0.980392156862745,H/M2,1.3203
147,Obra B,2021-06-07 10:50:00,BLOCOS VAZADOS DE CONCRETO - 09CM,ALVENARIA BLOCOS DE CONCRETO 1,MAO DE OBRA,0.814388489208633,H/M2,1.3203
148,Obra B,2021-06-07 11:00:00,BLOCOS VAZADOS DE CONCRETO - 09CM,ALVENARIA BLOCOS DE CONCRETO 1,MAO DE OBRA,0.740462789243277,H/M2,1.3203
149,Obra B,2021-06-08 11:50:00,BLOCOS VAZADOS DE CONCRETO - 09CM,ALVENARIA BLOCOS DE CONCRETO 1,MAO DE OBRA,0.732813607370659,H/M2,1.3203
150,Obra B,2021-06-08 14:10:00,BLOCOS VAZADOS DE CONCRETO - 09CM,ALVENARIA BLOCOS DE CONCRETO 1,MAO DE OBRA,0.519440124416796,H/M2,1.3203
151,Obra B,2021-06-09 09:30:00,BLOCOS VAZADOS DE CONCRETO - 09CM,ALVENARIA BLOCOS DE CONCRETO 1,MAO DE OBRA,0.559049615653389,H/M2,1.3203
152,Obra B,2021-06-09 10:52:30,BLOCOS VAZADOS DE CONCRETO - 09CM,ALVENARIA BLOCOS DE CONCRETO 1,MAO DE OBRA,0.600886917960089,H/M2,1.3203
153,Obra B,2021-06-10 12:25:00,BLOCOS VAZADOS DE CONCRETO - 09CM,ALVENARIA BLOCOS DE CONCRETO 1,MAO DE OBRA,0.593258426966292,H/M2,1.3203
154,Obra B,2021-06-11 10:45:00,BLOCOS VAZADOS DE CONCRETO - 09CM,ALVENARIA BLOCOS DE CONCRETO 1,MAO DE OBRA,0.706713780918728,H/M2,1.3203
155,Obra B,2021-06-11 10:55:00,BLOCOS VAZADOS DE CONCRETO - 09CM,ALVENARIA BLOCOS DE CONCRETO 1,MAO DE OBRA,0.891566265060241,H/M2,1.3203
156,Obra B,2021-06-14 08:15:00,BLOCOS VAZADOS DE CONCRETO - 09CM,ALVENARIA BLOCOS DE CONCRETO 1,MAO DE OBRA,1.67597765363128,H/M2,1.3203
157,Obra B,2021-06-30 11:45:00,BLOCOS VAZADOS DE CONCRETO - 09CM,ALVENARIA BLOCOS DE CONCRETO 1,MAO DE OBRA,0.542740841248304,H/M2,1.3203
158,Obra B,2021-07-01 09:14:00,BLOCOS VAZADOS DE CONCRETO - 09CM,ALVENARIA BLOCOS DE CONCRETO 1,MAO DE OBRA,0.779220779220779,H/M2,1.3203
159,Obra B,2021-07-01 11:00:00,BLOCOS VAZADOS DE CONCRETO - 09CM,ALVENARIA BLOCOS DE CONCRETO 1,MAO DE OBRA,0.592991913746631,H/M2,1.3203
160,Obra B,2021-07-01 11:10:00,BLOCOS VAZADOS DE CONCRETO - 09CM,ALVENARIA BLOCOS DE CONCRETO 1,MAO DE OBRA,0.543079407015999,H/M2,1.3203
161,Obra B,2021-07-05 08:57:30,BLOCOS VAZADOS DE CONCRETO - 09CM,ALVENARIA BLOCOS DE CONCRETO 1,MAO DE OBRA,0.614525139664804,H/M2,1.3203
162,Obra B,2021-07-05 09:40:00,BLOCOS VAZADOS DE CONCRETO - 09CM,ALVENARIA BLOCOS DE CONCRETO 1,MAO DE OBRA,0.414474732982624,H/M2,1.3203
163,Obra B,2021-07-05 11:20:00,BLOCOS VAZADOS DE CONCRETO - 09CM,ALVENARIA BLOCOS DE CONCRETO 1,MAO DE OBRA,0.65720294426919,H/M2,1.3203
164,Obra B,2021-07-06 08:50:00,BLOCOS VAZADOS DE CONCRETO - 09CM,ALVENARIA BLOCOS DE CONCRETO 1,MAO DE OBRA,1.01449275362319,H/M2,1.3203
165,Obra B,2021-07-07 11:38:30,BLOCOS VAZADOS DE CONCRETO - 09CM,ALVENARIA BLOCOS DE CONCRETO 1,MAO DE OBRA,2.68495428096426,H/M2,1.3203
166,Obra B,2021-07-12 08:42:30,BLOCOS VAZADOS DE CONCRETO - 09CM,ALVENARIA BLOCOS DE CONCRETO 1,MAO DE OBRA,2.57575757575758,H/M2,1.3203
167,Obra B,2021-07-12 12:20:00,BLOCOS VAZADOS DE CONCRETO - 09CM,ALVENARIA BLOCOS DE CONCRETO 1,MAO DE OBRA,1.68269230769231,H/M2,1.3203
168,Obra B,2021-07-26 11:46:00,BLOCOS VAZADOS DE CONCRETO - 09CM,ALVENARIA BLOCOS DE CONCRETO 1,MAO DE OBRA,0.526202749140893,H/M2,1.3203
169,Obra B,2021-07-27 11:05:00,BLOCOS VAZADOS DE CONCRETO - 09CM,ALVENARIA BLOCOS DE CONCRETO 1,MAO DE OBRA,0.767178118745831,H/M2,1.3203
170,Obra B,2021-07-27 11:12:30,BLOCOS VAZADOS DE CONCRETO - 09CM,ALVENARIA BLOCOS DE CONCRETO 1,MAO DE OBRA,0.911680911680912,H/M2,1.3203
171,Obra B,2021-07-29 09:40:00,BLOCOS VAZADOS DE CONCRETO - 09CM,ALVENARIA BLOCOS DE CONCRETO 1,MAO DE OBRA,0.5616399887672,H/M2,1.3203
172,Obra B,2021-07-29 10:05:00,BLOCOS VAZADOS DE CONCRETO - 09CM,ALVENARIA BLOCOS DE CONCRETO 1,MAO DE OBRA,0.864197530864198,H/M2,1.3203
173,Obra B,2021-07-29 12:45:00,BLOCOS VAZADOS DE CONCRETO - 09CM,ALVENARIA BLOCOS DE CONCRETO 1,MAO DE OBRA,0.67987567987568,H/M2,1.3203
174,Obra B,2021-07-30 09:57:30,BLOCOS VAZADOS DE CONCRETO - 09CM,ALVENARIA BLOCOS DE CONCRETO 1,MAO DE OBRA,1.1760752688172,H/M2,1.3203
175,Obra B,2021-07-30 11:05:00,BLOCOS VAZADOS DE CONCRETO - 09CM,ALVENARIA BLOCOS DE CONCRETO 1,MAO DE OBRA,0.499131944444444,H/M2,1.3203
176,Obra B,2021-07-30 12:41:00,BLOCOS VAZADOS DE CONCRETO - 09CM,ALVENARIA BLOCOS DE CONCRETO 1,MAO DE OBRA,0.52014652014652,H/M2,1.3203
177,Obra B,2021-08-02 11:15:00,BLOCOS VAZADOS DE CONCRETO - 09CM,ALVENARIA BLOCOS DE CONCRETO 1,MAO DE OBRA,0.594273365748244,H/M2,1.3203
178,Obra B,2021-08-02 11:30:00,BLOCOS VAZADOS DE CONCRETO - 09CM,ALVENARIA BLOCOS DE CONCRETO 1,MAO DE OBRA,0.916201117318436,H/M2,1.3203
179,Obra B,2021-08-02 13:02:30,BLOCOS VAZADOS DE CONCRETO - 09CM,ALVENARIA BLOCOS DE CONCRETO 1,MAO DE OBRA,1.80412371134021,H/M2,1.3203
180,Obra B,2021-08-03 11:15:00,BLOCOS VAZADOS DE CONCRETO - 09CM,ALVENARIA BLOCOS DE CONCRETO 1,MAO DE OBRA,2.03703703703704,H/M2,1.3203
181,Obra B,2021-08-03 11:27:30,BLOCOS VAZADOS DE CONCRETO - 09CM,ALVENARIA BLOCOS DE CONCRETO 1,MAO DE OBRA,0.685358255451713,H/M2,1.3203
182,Obra B,2021-08-04 09:40:00,BLOCOS VAZADOS DE CONCRETO - 09CM,ALVENARIA BLOCOS DE CONCRETO 1,MAO DE OBRA,4.70796460176991,H/M2,1.3203
183,Obra B,2021-08-04 11:12:30,BLOCOS VAZADOS DE CONCRETO - 09CM,ALVENARIA BLOCOS DE CONCRETO 1,MAO DE OBRA,0.530973451327434,H/M2,1.3203
184,Obra B,2021-08-05 08:20:00,BLOCOS VAZADOS DE CONCRETO - 09CM,ALVENARIA BLOCOS DE CONCRETO 1,MAO DE OBRA,0.575757575757576,H/M2,1.3203
185,Obra B,2021-08-06 13:47:30,BLOCOS VAZADOS DE CONCRETO - 09CM,ALVENARIA BLOCOS DE CONCRETO 1,MAO DE OBRA,0.694505494505495,H/M2,1.3203
186,Obra B,2021-08-09 10:45:00,BLOCOS VAZADOS DE CONCRETO - 09CM,ALVENARIA BLOCOS DE CONCRETO 1,MAO DE OBRA,0.65210843373494,H/M2,1.3203
187,Obra B,2021-08-10 12:40:00,BLOCOS VAZADOS DE CONCRETO - 09CM,ALVENARIA BLOCOS DE CONCRETO 1,MAO DE OBRA,1.22565320665083,H/M2,1.3203
188,Obra B,2021-08-12 11:45:00,BLOCOS VAZADOS DE CONCRETO - 09CM,ALVENARIA BLOCOS DE CONCRETO 1,MAO DE OBRA,1.51975683890577,H/M2,1.3203
189,Obra B,2021-08-12 12:25:00,BLOCOS VAZADOS DE CONCRETO - 09CM,ALVENARIA BLOCOS DE CONCRETO 1,MAO DE OBRA,0.638689866939611,H/M2,1.3203
190,Obra B,2021-08-13 09:20:00,BLOCOS VAZADOS DE CONCRETO - 09CM,ALVENARIA BLOCOS DE CONCRETO 1,MAO DE OBRA,0.75,H/M2,1.3203
191,Obra B,2021-08-13 10:00:00,BLOCOS VAZADOS DE CONCRETO - 09CM,ALVENARIA BLOCOS DE CONCRETO 1,MAO DE OBRA,0.731261425959781,H/M2,1.3203
192,Obra B,2021-08-13 12:52:30,BLOCOS VAZADOS DE CONCRETO - 09CM,ALVENARIA BLOCOS DE CONCRETO 1,MAO DE OBRA,0.751322751322751,H/M2,1.3203
193,Obra B,2021-08-16 09:30:00,BLOCOS VAZADOS DE CONCRETO - 09CM,ALVENARIA BLOCOS DE CONCRETO 1,MAO DE OBRA,0.998336106489185,H/M2,1.3203
194,Obra B,2021-08-16 12:12:30,BLOCOS VAZADOS DE CONCRETO - 09CM,ALVENARIA BLOCOS DE CONCRETO 1,MAO DE OBRA,1.2785046728972,H/M2,1.3203
195,Obra B,2021-08-19 10:55:00,BLOCOS VAZADOS DE CONCRETO - 09CM,ALVENARIA BLOCOS DE CONCRETO 1,MAO DE OBRA,1.71339563862928,H/M2,1.3203
196,Obra B,2021-08-20 11:40:00,BLOCOS VAZADOS DE CONCRETO - 09CM,ALVENARIA BLOCOS DE CONCRETO 1,MAO DE OBRA,0.9534706331045,H/M2,1.3203
197,Obra C,2021-04-13 13:44:00,BLOCOS VAZADOS DE CONCRETO - 09CM,ALVENARIA BLOCOS DE CONCRETO 1,MAO DE OBRA,0.664586583463338,H/M2,1.3203
198,Obra C,2021-04-13 15:57:00,BLOCOS VAZADOS DE CONCRETO - 09CM,ALVENARIA BLOCOS DE CONCRETO 1,MAO DE OBRA,0.655226209048362,H/M2,1.3203
199,Obra C,2021-04-14 14:57:30,BLOCOS VAZADOS DE CONCRETO - 09CM,ALVENARIA BLOCOS DE CONCRETO 1,MAO DE OBRA,1.44941176470588,H/M2,1.3203
200,Obra C,2021-04-22 09:00:00,BLOCOS VAZADOS DE CONCRETO - 09CM,ALVENARIA BLOCOS DE CONCRETO 1,MAO DE OBRA,3.94088669950739,H/M2,1.3203
201,Obra C,2021-04-22 15:50:00,BLOCOS VAZADOS DE CONCRETO - 09CM,ALVENARIA BLOCOS DE CONCRETO 1,MAO DE OBRA,1.25606469002695,H/M2,1.3203
202,Obra C,2021-04-26 10:59:00,BLOCOS VAZADOS DE CONCRETO - 09CM,ALVENARIA BLOCOS DE CONCRETO 1,MAO DE OBRA,2.48673946957878,H/M2,1.3203
203,Obra C,2021-04-29 11:20:00,BLOCOS VAZADOS DE CONCRETO - 09CM,ALVENARIA BLOCOS DE CONCRETO 1,MAO DE OBRA,2.12962962962963,H/M2,1.3203
204,Obra C,2021-05-06 13:35:00,BLOCOS VAZADOS DE CONCRETO - 09CM,ALVENARIA BLOCOS DE CONCRETO 1,MAO DE OBRA,1.12888888888889,H/M2,1.3203
205,Obra C,2021-05-07 14:22:30,BLOCOS VAZADOS DE CONCRETO - 09CM,ALVENARIA BLOCOS DE CONCRETO 1,MAO DE OBRA,0.777777777777778,H/M2,1.3203
206,Obra C,2021-05-10 12:00:00,BLOCOS VAZADOS DE CONCRETO - 09CM,ALVENARIA BLOCOS DE CONCRETO 1,MAO DE OBRA,1.35637480798771,H/M2,1.3203
207,Obra C,2021-05-11 10:40:00,BLOCOS VAZADOS DE CONCRETO - 09CM,ALVENARIA BLOCOS DE CONCRETO 1,MAO DE OBRA,2.91705069124424,H/M2,1.3203
208,Obra C,2021-05-11 16:30:00,BLOCOS VAZADOS DE CONCRETO - 09CM,ALVENARIA BLOCOS DE CONCRETO 1,MAO DE OBRA,0.925925925925926,H/M2,1.3203
209,Obra C,2021-05-14 14:37:30,BLOCOS VAZADOS DE CONCRETO - 09CM,ALVENARIA BLOCOS DE CONCRETO 1,MAO DE OBRA,2.19072164948454,H/M2,1.3203
210,Obra C,2021-05-20 11:10:30,BLOCOS VAZADOS DE CONCRETO - 09CM,ALVENARIA BLOCOS DE CONCRETO 1,MAO DE OBRA,1.9140625,H/M2,1.3203
211,Obra C,2021-05-21 10:45:00,BLOCOS VAZADOS DE CONCRETO - 09CM,ALVENARIA BLOCOS DE CONCRETO 1,MAO DE OBRA,0.565217391304348,H/M2,1.3203
212,Obra C,2021-05-26 12:20:00,BLOCOS VAZADOS DE CONCRETO - 09CM,ALVENARIA BLOCOS DE CONCRETO 1,MAO DE OBRA,0.95,H/M2,1.3203
213,Obra C,2021-05-27 12:00:00,BLOCOS VAZADOS DE CONCRETO - 09CM,ALVENARIA BLOCOS DE CONCRETO 1,MAO DE OBRA,1.5234375,H/M2,1.3203
214,Obra C,2021-06-07 21:40:00,BLOCOS VAZADOS DE CONCRETO - 09CM,ALVENARIA BLOCOS DE CONCRETO 1,MAO DE OBRA,2.11928429423459,H/M2,1.3203
215,Obra C,2021-06-08 15:50:00,BLOCOS VAZADOS DE CONCRETO - 09CM,ALVENARIA BLOCOS DE CONCRETO 1,MAO DE OBRA,2.31481481481481,H/M2,1.3203
216,Obra C,2021-06-09 10:43:30,BLOCOS VAZADOS DE CONCRETO - 09CM,ALVENARIA BLOCOS DE CONCRETO 1,MAO DE OBRA,2.08823529411765,H/M2,1.3203
217,Obra C,2021-06-10 10:45:00,BLOCOS VAZADOS DE CONCRETO - 09CM,ALVENARIA BLOCOS DE CONCRETO 1,MAO DE OBRA,0.921052631578947,H/M2,1.3203
218,Obra C,2021-06-11 11:30:00,BLOCOS VAZADOS DE CONCRETO - 09CM,ALVENARIA BLOCOS DE CONCRETO 1,MAO DE OBRA,1.97056603773585,H/M2,1.3203
219,Obra C,2021-06-15 09:40:00,BLOCOS VAZADOS DE CONCRETO - 09CM,ALVENARIA BLOCOS DE CONCRETO 1,MAO DE OBRA,2.15924426450742,H/M2,1.3203
220,Obra C,2021-06-16 09:15:00,BLOCOS VAZADOS DE CONCRETO - 09CM,ALVENARIA BLOCOS DE CONCRETO 1,MAO DE OBRA,0.87719298245614,H/M2,1.3203
221,Obra C,2021-06-24 13:00:00,BLOCOS VAZADOS DE CONCRETO - 09CM,ALVENARIA BLOCOS DE CONCRETO 1,MAO DE OBRA,0.690335305719921,H/M2,1.3203
222,Obra C,2021-06-29 10:33:00,BLOCOS VAZADOS DE CONCRETO - 09CM,ALVENARIA BLOCOS DE CONCRETO 1,MAO DE OBRA,2.28070175438596,H/M2,1.3203
223,Obra C,2021-07-01 10:30:00,BLOCOS VAZADOS DE CONCRETO - 09CM,ALVENARIA BLOCOS DE CONCRETO 1,MAO DE OBRA,0.879765395894428,H/M2,1.3203
224,Obra C,2021-07-08 09:45:00,BLOCOS VAZADOS DE CONCRETO - 09CM,ALVENARIA BLOCOS DE CONCRETO 1,MAO DE OBRA,0.664652567975831,H/M2,1.3203
225,Obra C,2021-07-14 11:55:00,BLOCOS VAZADOS DE CONCRETO - 09CM,ALVENARIA BLOCOS DE CONCRETO 1,MAO DE OBRA,0.713291579679889,H/M2,1.3203
226,Obra C,2021-07-27 12:05:00,BLOCOS VAZADOS DE CONCRETO - 09CM,ALVENARIA BLOCOS DE CONCRETO 1,MAO DE OBRA,0.665946724262059,H/M2,1.3203
227,Obra C,2021-07-28 12:12:30,BLOCOS VAZADOS DE CONCRETO - 09CM,ALVENARIA BLOCOS DE CONCRETO 1,MAO DE OBRA,2.2020725388601,H/M2,1.3203
228,Obra B,2021-04-16 11:02:30,BLOCOS VAZADOS DE CONCRETO - 14CM,ALVENARIA BLOCOS DE CONCRETO 2,MAO DE OBRA,0.64304600740349,H/M2,1.4034
229,Obra B,2021-05-17 08:00:00,BLOCOS VAZADOS DE CONCRETO - 14CM,ALVENARIA BLOCOS DE CONCRETO 2,MAO DE OBRA,0.644122383252818,H/M2,1.4034
230,Obra B,2021-05-19 08:00:00,BLOCOS VAZADOS DE CONCRETO - 14CM,ALVENARIA BLOCOS DE CONCRETO 2,MAO DE OBRA,1,H/M2,1.4034
231,Obra B,2021-05-19 11:40:00,BLOCOS VAZADOS DE CONCRETO - 14CM,ALVENARIA BLOCOS DE CONCRETO 2,MAO DE OBRA,0.549915397631134,H/M2,1.4034
232,Obra B,2021-05-19 12:00:00,BLOCOS VAZADOS DE CONCRETO - 14CM,ALVENARIA BLOCOS DE CONCRETO 2,MAO DE OBRA,0.335946248600224,H/M2,1.4034
233,Obra B,2021-05-20 11:15:00,BLOCOS VAZADOS DE CONCRETO - 14CM,ALVENARIA BLOCOS DE CONCRETO 2,MAO DE OBRA,0.503095975232198,H/M2,1.4034
234,Obra B,2021-05-25 09:50:00,BLOCOS VAZADOS DE CONCRETO - 14CM,ALVENARIA BLOCOS DE CONCRETO 2,MAO DE OBRA,0.656455142231947,H/M2,1.4034
235,Obra B,2021-05-27 09:25:00,BLOCOS VAZADOS DE CONCRETO - 14CM,ALVENARIA BLOCOS DE CONCRETO 2,MAO DE OBRA,1.65979381443299,H/M2,1.4034
236,Obra B,2021-05-28 12:37:30,BLOCOS VAZADOS DE CONCRETO - 14CM,ALVENARIA BLOCOS DE CONCRETO 2,MAO DE OBRA,0.706033376123235,H/M2,1.4034
237,Obra B,2021-06-04 09:42:30,BLOCOS VAZADOS DE CONCRETO - 14CM,ALVENARIA BLOCOS DE CONCRETO 2,MAO DE OBRA,0.876984126984127,H/M2,1.4034
238,Obra B,2021-06-07 10:22:30,BLOCOS VAZADOS DE CONCRETO - 14CM,ALVENARIA BLOCOS DE CONCRETO 2,MAO DE OBRA,0.567465321563682,H/M2,1.4034
239,Obra B,2021-06-08 10:35:00,BLOCOS VAZADOS DE CONCRETO - 14CM,ALVENARIA BLOCOS DE CONCRETO 2,MAO DE OBRA,0.618046971569839,H/M2,1.4034
240,Obra B,2021-06-11 09:30:00,BLOCOS VAZADOS DE CONCRETO - 14CM,ALVENARIA BLOCOS DE CONCRETO 2,MAO DE OBRA,1.70940170940171,H/M2,1.4034
241,Obra B,2021-06-16 11:45:00,BLOCOS VAZADOS DE CONCRETO - 14CM,ALVENARIA BLOCOS DE CONCRETO 2,MAO DE OBRA,1.06442577030812,H/M2,1.4034
242,Obra B,2021-06-17 12:16:00,BLOCOS VAZADOS DE CONCRETO - 14CM,ALVENARIA BLOCOS DE CONCRETO 2,MAO DE OBRA,1.17604617604618,H/M2,1.4034
243,Obra B,2021-06-21 10:25:00,BLOCOS VAZADOS DE CONCRETO - 14CM,ALVENARIA BLOCOS DE CONCRETO 2,MAO DE OBRA,0.64836003051106,H/M2,1.4034
244,Obra B,2021-06-30 10:45:00,BLOCOS VAZADOS DE CONCRETO - 14CM,ALVENARIA BLOCOS DE CONCRETO 2,MAO DE OBRA,0.462962962962963,H/M2,1.4034
245,Obra B,2021-06-30 14:04:00,BLOCOS VAZADOS DE CONCRETO - 14CM,ALVENARIA BLOCOS DE CONCRETO 2,MAO DE OBRA,0.6,H/M2,1.4034
246,Obra B,2021-06-30 14:15:00,BLOCOS VAZADOS DE CONCRETO - 14CM,ALVENARIA BLOCOS DE CONCRETO 2,MAO DE OBRA,0.5,H/M2,1.4034
247,Obra B,2021-07-01 12:50:00,BLOCOS VAZADOS DE CONCRETO - 14CM,ALVENARIA BLOCOS DE CONCRETO 2,MAO DE OBRA,0.550314465408805,H/M2,1.4034
248,Obra B,2021-07-05 14:00:00,BLOCOS VAZADOS DE CONCRETO - 14CM,ALVENARIA BLOCOS DE CONCRETO 2,MAO DE OBRA,0.40650406504065,H/M2,1.4034
249,Obra B,2021-07-05 14:10:00,BLOCOS VAZADOS DE CONCRETO - 14CM,ALVENARIA BLOCOS DE CONCRETO 2,MAO DE OBRA,0.554235946159937,H/M2,1.4034
250,Obra B,2021-07-06 08:55:00,BLOCOS VAZADOS DE CONCRETO - 14CM,ALVENARIA BLOCOS DE CONCRETO 2,MAO DE OBRA,0.721500721500722,H/M2,1.4034
251,Obra B,2021-07-06 12:42:30,BLOCOS VAZADOS DE CONCRETO - 14CM,ALVENARIA BLOCOS DE CONCRETO 2,MAO DE OBRA,1.18874332848132,H/M2,1.4034
252,Obra B,2021-07-07 08:05:00,BLOCOS VAZADOS DE CONCRETO - 14CM,ALVENARIA BLOCOS DE CONCRETO 2,MAO DE OBRA,0.777777777777778,H/M2,1.4034
253,Obra B,2021-07-07 12:14:00,BLOCOS VAZADOS DE CONCRETO - 14CM,ALVENARIA BLOCOS DE CONCRETO 2,MAO DE OBRA,0.58728622136173,H/M2,1.4034
254,Obra B,2021-07-07 13:30:00,BLOCOS VAZADOS DE CONCRETO - 14CM,ALVENARIA BLOCOS DE CONCRETO 2,MAO DE OBRA,1.26811594202899,H/M2,1.4034
255,Obra B,2021-07-08 10:02:00,BLOCOS VAZADOS DE CONCRETO - 14CM,ALVENARIA BLOCOS DE CONCRETO 2,MAO DE OBRA,0.747126436781609,H/M2,1.4034
256,Obra B,2021-07-20 09:10:00,BLOCOS VAZADOS DE CONCRETO - 14CM,ALVENARIA BLOCOS DE CONCRETO 2,MAO DE OBRA,1.66666666666667,H/M2,1.4034
257,Obra B,2021-07-26 10:47:30,BLOCOS VAZADOS DE CONCRETO - 14CM,ALVENARIA BLOCOS DE CONCRETO 2,MAO DE OBRA,0.559413580246914,H/M2,1.4034
258,Obra B,2021-07-29 09:05:00,BLOCOS VAZADOS DE CONCRETO - 14CM,ALVENARIA BLOCOS DE CONCRETO 2,MAO DE OBRA,0.811965811965812,H/M2,1.4034
259,Obra B,2021-07-29 14:00:00,BLOCOS VAZADOS DE CONCRETO - 14CM,ALVENARIA BLOCOS DE CONCRETO 2,MAO DE OBRA,0.50251256281407,H/M2,1.4034
260,Obra B,2021-07-30 09:15:00,BLOCOS VAZADOS DE CONCRETO - 14CM,ALVENARIA BLOCOS DE CONCRETO 2,MAO DE OBRA,0.768321513002364,H/M2,1.4034
261,Obra B,2021-08-05 12:48:30,BLOCOS VAZADOS DE CONCRETO - 14CM,ALVENARIA BLOCOS DE CONCRETO 2,MAO DE OBRA,0.703791469194313,H/M2,1.4034
262,Obra B,2021-08-06 08:40:00,BLOCOS VAZADOS DE CONCRETO - 14CM,ALVENARIA BLOCOS DE CONCRETO 2,MAO DE OBRA,1.27884615384615,H/M2,1.4034
263,Obra B,2021-08-09 14:27:30,BLOCOS VAZADOS DE CONCRETO - 14CM,ALVENARIA BLOCOS DE CONCRETO 2,MAO DE OBRA,0.71356783919598,H/M2,1.4034
264,Obra B,2021-08-11 11:30:00,BLOCOS VAZADOS DE CONCRETO - 14CM,ALVENARIA BLOCOS DE CONCRETO 2,MAO DE OBRA,1.16019900497512,H/M2,1.4034
265,Obra B,2021-08-12 11:20:00,BLOCOS VAZADOS DE CONCRETO - 14CM,ALVENARIA BLOCOS DE CONCRETO 2,MAO DE OBRA,0.981132075471698,H/M2,1.4034
266,Obra B,2021-08-13 09:40:00,BLOCOS VAZADOS DE CONCRETO - 14CM,ALVENARIA BLOCOS DE CONCRETO 2,MAO DE OBRA,1.34741784037559,H/M2,1.4034
267,Obra B,2021-08-13 13:32:30,BLOCOS VAZADOS DE CONCRETO - 14CM,ALVENARIA BLOCOS DE CONCRETO 2,MAO DE OBRA,1.0188679245283,H/M2,1.4034
268,Obra B,2021-08-16 14:00:00,BLOCOS VAZADOS DE CONCRETO - 14CM,ALVENARIA BLOCOS DE CONCRETO 2,MAO DE OBRA,0.51413881748072,H/M2,1.4034
269,Obra C,2021-04-12 14:11:00,BLOCOS VAZADOS DE CONCRETO - 14CM,ALVENARIA BLOCOS DE CONCRETO 2,MAO DE OBRA,0.277142857142857,H/M2,1.4034
270,Obra C,2021-04-12 14:36:30,BLOCOS VAZADOS DE CONCRETO - 14CM,ALVENARIA BLOCOS DE CONCRETO 2,MAO DE OBRA,0.974504249291785,H/M2,1.4034
271,Obra C,2021-04-13 13:43:30,BLOCOS VAZADOS DE CONCRETO - 14CM,ALVENARIA BLOCOS DE CONCRETO 2,MAO DE OBRA,1.20113314447592,H/M2,1.4034
272,Obra C,2021-04-13 14:06:00,BLOCOS VAZADOS DE CONCRETO - 14CM,ALVENARIA BLOCOS DE CONCRETO 2,MAO DE OBRA,1.42857142857143,H/M2,1.4034
273,Obra C,2021-04-13 15:20:00,BLOCOS VAZADOS DE CONCRETO - 14CM,ALVENARIA BLOCOS DE CONCRETO 2,MAO DE OBRA,0.946175637393768,H/M2,1.4034
274,Obra C,2021-04-14 14:25:00,BLOCOS VAZADOS DE CONCRETO - 14CM,ALVENARIA BLOCOS DE CONCRETO 2,MAO DE OBRA,0.902237926972909,H/M2,1.4034
275,Obra C,2021-04-15 14:27:30,BLOCOS VAZADOS DE CONCRETO - 14CM,ALVENARIA BLOCOS DE CONCRETO 2,MAO DE OBRA,2.2015503875969,H/M2,1.4034
276,Obra C,2021-04-15 16:07:30,BLOCOS VAZADOS DE CONCRETO - 14CM,ALVENARIA BLOCOS DE CONCRETO 2,MAO DE OBRA,0.605536332179931,H/M2,1.4034
277,Obra C,2021-04-19 12:30:00,BLOCOS VAZADOS DE CONCRETO - 14CM,ALVENARIA BLOCOS DE CONCRETO 2,MAO DE OBRA,1.36882129277567,H/M2,1.4034
278,Obra C,2021-04-20 11:35:00,BLOCOS VAZADOS DE CONCRETO - 14CM,ALVENARIA BLOCOS DE CONCRETO 2,MAO DE OBRA,1.09049429657795,H/M2,1.4034
279,Obra C,2021-04-20 15:42:30,BLOCOS VAZADOS DE CONCRETO - 14CM,ALVENARIA BLOCOS DE CONCRETO 2,MAO DE OBRA,0.405714285714286,H/M2,1.4034
280,Obra C,2021-04-22 10:49:00,BLOCOS VAZADOS DE CONCRETO - 14CM,ALVENARIA BLOCOS DE CONCRETO 2,MAO DE OBRA,0.631428571428571,H/M2,1.4034
281,Obra C,2021-04-22 12:05:00,BLOCOS VAZADOS DE CONCRETO - 14CM,ALVENARIA BLOCOS DE CONCRETO 2,MAO DE OBRA,1.39467680608365,H/M2,1.4034
282,Obra C,2021-04-27 11:30:00,BLOCOS VAZADOS DE CONCRETO - 14CM,ALVENARIA BLOCOS DE CONCRETO 2,MAO DE OBRA,0.987654320987654,H/M2,1.4034
283,Obra C,2021-04-29 23:30:00,BLOCOS VAZADOS DE CONCRETO - 14CM,ALVENARIA BLOCOS DE CONCRETO 2,MAO DE OBRA,0.863231723765848,H/M2,1.4034
284,Obra C,2021-04-30 11:35:00,BLOCOS VAZADOS DE CONCRETO - 14CM,ALVENARIA BLOCOS DE CONCRETO 2,MAO DE OBRA,1.58781594296824,H/M2,1.4034
285,Obra C,2021-05-03 12:00:00,BLOCOS VAZADOS DE CONCRETO - 14CM,ALVENARIA BLOCOS DE CONCRETO 2,MAO DE OBRA,1.52671755725191,H/M2,1.4034
286,Obra C,2021-05-04 12:00:00,BLOCOS VAZADOS DE CONCRETO - 14CM,ALVENARIA BLOCOS DE CONCRETO 2,MAO DE OBRA,2.06367924528302,H/M2,1.4034
287,Obra C,2021-05-05 09:15:00,BLOCOS VAZADOS DE CONCRETO - 14CM,ALVENARIA BLOCOS DE CONCRETO 2,MAO DE OBRA,1.55979202772964,H/M2,1.4034
288,Obra C,2021-05-05 12:50:00,BLOCOS VAZADOS DE CONCRETO - 14CM,ALVENARIA BLOCOS DE CONCRETO 2,MAO DE OBRA,0.642857142857143,H/M2,1.4034
289,Obra C,2021-05-06 15:15:00,BLOCOS VAZADOS DE CONCRETO - 14CM,ALVENARIA BLOCOS DE CONCRETO 2,MAO DE OBRA,0.751072961373391,H/M2,1.4034
290,Obra C,2021-05-07 11:14:00,BLOCOS VAZADOS DE CONCRETO - 14CM,ALVENARIA BLOCOS DE CONCRETO 2,MAO DE OBRA,0.803879310344828,H/M2,1.4034
291,Obra C,2021-05-10 12:00:00,BLOCOS VAZADOS DE CONCRETO - 14CM,ALVENARIA BLOCOS DE CONCRETO 2,MAO DE OBRA,0.938967136150235,H/M2,1.4034
292,Obra C,2021-05-11 12:05:00,BLOCOS VAZADOS DE CONCRETO - 14CM,ALVENARIA BLOCOS DE CONCRETO 2,MAO DE OBRA,0.486716259298619,H/M2,1.4034
293,Obra C,2021-05-11 15:27:30,BLOCOS VAZADOS DE CONCRETO - 14CM,ALVENARIA BLOCOS DE CONCRETO 2,MAO DE OBRA,0.547619047619048,H/M2,1.4034
294,Obra C,2021-05-12 11:00:00,BLOCOS VAZADOS DE CONCRETO - 14CM,ALVENARIA BLOCOS DE CONCRETO 2,MAO DE OBRA,1.00143061516452,H/M2,1.4034
295,Obra C,2021-05-12 11:20:00,BLOCOS VAZADOS DE CONCRETO - 14CM,ALVENARIA BLOCOS DE CONCRETO 2,MAO DE OBRA,0.667247386759582,H/M2,1.4034
296,Obra C,2021-05-13 12:00:00,BLOCOS VAZADOS DE CONCRETO - 14CM,ALVENARIA BLOCOS DE CONCRETO 2,MAO DE OBRA,0.894736842105263,H/M2,1.4034
297,Obra C,2021-05-19 12:00:00,BLOCOS VAZADOS DE CONCRETO - 14CM,ALVENARIA BLOCOS DE CONCRETO 2,MAO DE OBRA,0.956429330499469,H/M2,1.4034
298,Obra C,2021-05-20 11:37:30,BLOCOS VAZADOS DE CONCRETO - 14CM,ALVENARIA BLOCOS DE CONCRETO 2,MAO DE OBRA,0.87672688629118,H/M2,1.4034
299,Obra C,2021-05-21 11:50:00,BLOCOS VAZADOS DE CONCRETO - 14CM,ALVENARIA BLOCOS DE CONCRETO 2,MAO DE OBRA,1.32335877862595,H/M2,1.4034
300,Obra C,2021-05-24 09:42:30,BLOCOS VAZADOS DE CONCRETO - 14CM,ALVENARIA BLOCOS DE CONCRETO 2,MAO DE OBRA,0.848238057948316,H/M2,1.4034
301,Obra C,2021-05-25 12:00:00,BLOCOS VAZADOS DE CONCRETO - 14CM,ALVENARIA BLOCOS DE CONCRETO 2,MAO DE OBRA,0.608146639511202,H/M2,1.4034
302,Obra C,2021-05-26 12:00:00,BLOCOS VAZADOS DE CONCRETO - 14CM,ALVENARIA BLOCOS DE CONCRETO 2,MAO DE OBRA,1.26315789473684,H/M2,1.4034
303,Obra C,2021-05-27 11:52:30,BLOCOS VAZADOS DE CONCRETO - 14CM,ALVENARIA BLOCOS DE CONCRETO 2,MAO DE OBRA,0.944924406047516,H/M2,1.4034
304,Obra C,2021-05-28 11:30:00,BLOCOS VAZADOS DE CONCRETO - 14CM,ALVENARIA BLOCOS DE CONCRETO 2,MAO DE OBRA,1.40350877192982,H/M2,1.4034
305,Obra C,2021-06-04 11:30:00,BLOCOS VAZADOS DE CONCRETO - 14CM,ALVENARIA BLOCOS DE CONCRETO 2,MAO DE OBRA,1.9047619047619,H/M2,1.4034
306,Obra C,2021-06-08 01:15:00,BLOCOS VAZADOS DE CONCRETO - 14CM,ALVENARIA BLOCOS DE CONCRETO 2,MAO DE OBRA,0.59545,H/M2,1.4034
307,Obra C,2021-06-08 10:30:00,BLOCOS VAZADOS DE CONCRETO - 14CM,ALVENARIA BLOCOS DE CONCRETO 2,MAO DE OBRA,0.434521428571429,H/M2,1.4034
308,Obra C,2021-06-09 12:00:00,BLOCOS VAZADOS DE CONCRETO - 14CM,ALVENARIA BLOCOS DE CONCRETO 2,MAO DE OBRA,1.99115044247788,H/M2,1.4034
309,Obra C,2021-06-10 09:45:00,BLOCOS VAZADOS DE CONCRETO - 14CM,ALVENARIA BLOCOS DE CONCRETO 2,MAO DE OBRA,1.96779964221825,H/M2,1.4034
310,Obra C,2021-06-11 11:30:00,BLOCOS VAZADOS DE CONCRETO - 14CM,ALVENARIA BLOCOS DE CONCRETO 2,MAO DE OBRA,2.10526315789474,H/M2,1.4034
311,Obra C,2021-06-15 10:00:00,BLOCOS VAZADOS DE CONCRETO - 14CM,ALVENARIA BLOCOS DE CONCRETO 2,MAO DE OBRA,1.19047619047619,H/M2,1.4034
312,Obra C,2021-06-16 09:45:00,BLOCOS VAZADOS DE CONCRETO - 14CM,ALVENARIA BLOCOS DE CONCRETO 2,MAO DE OBRA,2.32558139534884,H/M2,1.4034
313,Obra C,2021-06-17 12:00:00,BLOCOS VAZADOS DE CONCRETO - 14CM,ALVENARIA BLOCOS DE CONCRETO 2,MAO DE OBRA,1.6260162601626,H/M2,1.4034
314,Obra C,2021-06-18 12:00:00,BLOCOS VAZADOS DE CONCRETO - 14CM,ALVENARIA BLOCOS DE CONCRETO 2,MAO DE OBRA,1.03799451625539,H/M2,1.4034
315,Obra C,2021-06-22 12:00:00,BLOCOS VAZADOS DE CONCRETO - 14CM,ALVENARIA BLOCOS DE CONCRETO 2,MAO DE OBRA,2.1978021978022,H/M2,1.4034
316,Obra C,2021-06-23 12:00:00,BLOCOS VAZADOS DE CONCRETO - 14CM,ALVENARIA BLOCOS DE CONCRETO 2,MAO DE OBRA,0.774526678141136,H/M2,1.4034
317,Obra C,2021-06-24 13:05:00,BLOCOS VAZADOS DE CONCRETO - 14CM,ALVENARIA BLOCOS DE CONCRETO 2,MAO DE OBRA,2.0039100684262,H/M2,1.4034
318,Obra C,2021-06-25 11:30:00,BLOCOS VAZADOS DE CONCRETO - 14CM,ALVENARIA BLOCOS DE CONCRETO 2,MAO DE OBRA,1.10957004160888,H/M2,1.4034
319,Obra C,2021-06-28 12:00:00,BLOCOS VAZADOS DE CONCRETO - 14CM,ALVENARIA BLOCOS DE CONCRETO 2,MAO DE OBRA,2.05479452054795,H/M2,1.4034
320,Obra C,2021-06-29 11:00:00,BLOCOS VAZADOS DE CONCRETO - 14CM,ALVENARIA BLOCOS DE CONCRETO 2,MAO DE OBRA,1.54867256637168,H/M2,1.4034
321,Obra C,2021-06-30 09:52:30,BLOCOS VAZADOS DE CONCRETO - 14CM,ALVENARIA BLOCOS DE CONCRETO 2,MAO DE OBRA,0.837053571428571,H/M2,1.4034
322,Obra C,2021-07-12 12:35:00,BLOCOS VAZADOS DE CONCRETO - 14CM,ALVENARIA BLOCOS DE CONCRETO 2,MAO DE OBRA,0.746031746031746,H/M2,1.4034
323,Obra C,2021-07-13 09:05:00,BLOCOS VAZADOS DE CONCRETO - 14CM,ALVENARIA BLOCOS DE CONCRETO 2,MAO DE OBRA,0.904761904761905,H/M2,1.4034
324,Obra C,2021-07-14 11:55:00,BLOCOS VAZADOS DE CONCRETO - 14CM,ALVENARIA BLOCOS DE CONCRETO 2,MAO DE OBRA,1.12958226768968,H/M2,1.4034
325,Obra C,2021-07-22 09:45:00,BLOCOS VAZADOS DE CONCRETO - 14CM,ALVENARIA BLOCOS DE CONCRETO 2,MAO DE OBRA,1.0934393638171,H/M2,1.4034
326,Obra C,2021-07-29 13:00:00,BLOCOS VAZADOS DE CONCRETO - 14CM,ALVENARIA BLOCOS DE CONCRETO 2,MAO DE OBRA,1.28913443830571,H/M2,1.4034
327,Obra B,2021-04-16 11:13:00,BLOCOS VAZADOS DE CONCRETO - 19CM,ALVENARIA BLOCOS DE CONCRETO 3,MAO DE OBRA,1.72486772486772,H/M2,1.4849
328,Obra B,2021-04-16 12:48:30,BLOCOS VAZADOS DE CONCRETO - 19CM,ALVENARIA BLOCOS DE CONCRETO 3,MAO DE OBRA,3.70833333333333,H/M2,1.4849
329,Obra B,2021-05-19 09:50:00,BLOCOS VAZADOS DE CONCRETO - 19CM,ALVENARIA BLOCOS DE CONCRETO 3,MAO DE OBRA,0.568181818181818,H/M2,1.4849
330,Obra B,2021-05-19 14:25:00,BLOCOS VAZADOS DE CONCRETO - 19CM,ALVENARIA BLOCOS DE CONCRETO 3,MAO DE OBRA,1.06363636363636,H/M2,1.4849
331,Obra B,2021-05-20 11:35:00,BLOCOS VAZADOS DE CONCRETO - 19CM,ALVENARIA BLOCOS DE CONCRETO 3,MAO DE OBRA,1.16281352235551,H/M2,1.4849
332,Obra B,2021-05-24 08:15:00,BLOCOS VAZADOS DE CONCRETO - 19CM,ALVENARIA BLOCOS DE CONCRETO 3,MAO DE OBRA,1.5,H/M2,1.4849
333,Obra B,2021-05-25 11:37:00,BLOCOS VAZADOS DE CONCRETO - 19CM,ALVENARIA BLOCOS DE CONCRETO 3,MAO DE OBRA,1.09069212410501,H/M2,1.4849
334,Obra B,2021-05-26 10:45:00,BLOCOS VAZADOS DE CONCRETO - 19CM,ALVENARIA BLOCOS DE CONCRETO 3,MAO DE OBRA,0.840336134453782,H/M2,1.4849
335,Obra B,2021-05-26 13:45:00,BLOCOS VAZADOS DE CONCRETO - 19CM,ALVENARIA BLOCOS DE CONCRETO 3,MAO DE OBRA,0.99009900990099,H/M2,1.4849
336,Obra B,2021-05-26 14:00:00,BLOCOS VAZADOS DE CONCRETO - 19CM,ALVENARIA BLOCOS DE CONCRETO 3,MAO DE OBRA,1.45278450363196,H/M2,1.4849
337,Obra B,2021-05-27 11:25:00,BLOCOS VAZADOS DE CONCRETO - 19CM,ALVENARIA BLOCOS DE CONCRETO 3,MAO DE OBRA,0.816061185468451,H/M2,1.4849
338,Obra B,2021-05-27 13:25:00,BLOCOS VAZADOS DE CONCRETO - 19CM,ALVENARIA BLOCOS DE CONCRETO 3,MAO DE OBRA,1.0506329113924,H/M2,1.4849
339,Obra B,2021-05-27 14:45:00,BLOCOS VAZADOS DE CONCRETO - 19CM,ALVENARIA BLOCOS DE CONCRETO 3,MAO DE OBRA,0.646830530401035,H/M2,1.4849
340,Obra B,2021-05-27 15:22:30,BLOCOS VAZADOS DE CONCRETO - 19CM,ALVENARIA BLOCOS DE CONCRETO 3,MAO DE OBRA,0.391489361702128,H/M2,1.4849
341,Obra B,2021-05-28 10:45:00,BLOCOS VAZADOS DE CONCRETO - 19CM,ALVENARIA BLOCOS DE CONCRETO 3,MAO DE OBRA,0.873336195792185,H/M2,1.4849
342,Obra B,2021-05-31 08:45:00,BLOCOS VAZADOS DE CONCRETO - 19CM,ALVENARIA BLOCOS DE CONCRETO 3,MAO DE OBRA,1.86335403726708,H/M2,1.4849
343,Obra B,2021-05-31 09:30:00,BLOCOS VAZADOS DE CONCRETO - 19CM,ALVENARIA BLOCOS DE CONCRETO 3,MAO DE OBRA,1.55038759689922,H/M2,1.4849
344,Obra B,2021-05-31 10:22:30,BLOCOS VAZADOS DE CONCRETO - 19CM,ALVENARIA BLOCOS DE CONCRETO 3,MAO DE OBRA,1.77777777777778,H/M2,1.4849
345,Obra B,2021-06-02 14:34:00,BLOCOS VAZADOS DE CONCRETO - 19CM,ALVENARIA BLOCOS DE CONCRETO 3,MAO DE OBRA,0.889400921658986,H/M2,1.4849
346,Obra B,2021-06-02 14:44:30,BLOCOS VAZADOS DE CONCRETO - 19CM,ALVENARIA BLOCOS DE CONCRETO 3,MAO DE OBRA,0.397727272727273,H/M2,1.4849
347,Obra B,2021-06-09 13:37:30,BLOCOS VAZADOS DE CONCRETO - 19CM,ALVENARIA BLOCOS DE CONCRETO 3,MAO DE OBRA,0.78125,H/M2,1.4849
348,Obra B,2021-06-10 10:50:00,BLOCOS VAZADOS DE CONCRETO - 19CM,ALVENARIA BLOCOS DE CONCRETO 3,MAO DE OBRA,0.723684210526316,H/M2,1.4849
349,Obra B,2021-06-14 10:25:00,BLOCOS VAZADOS DE CONCRETO - 19CM,ALVENARIA BLOCOS DE CONCRETO 3,MAO DE OBRA,0.458069062720225,H/M2,1.4849
350,Obra B,2021-06-16 12:05:00,BLOCOS VAZADOS DE CONCRETO - 19CM,ALVENARIA BLOCOS DE CONCRETO 3,MAO DE OBRA,0.920810313075506,H/M2,1.4849
351,Obra B,2021-06-17 09:05:00,BLOCOS VAZADOS DE CONCRETO - 19CM,ALVENARIA BLOCOS DE CONCRETO 3,MAO DE OBRA,1.2962962962963,H/M2,1.4849
352,Obra B,2021-06-17 11:25:00,BLOCOS VAZADOS DE CONCRETO - 19CM,ALVENARIA BLOCOS DE CONCRETO 3,MAO DE OBRA,0.566750629722922,H/M2,1.4849
353,Obra B,2021-06-18 11:17:30,BLOCOS VAZADOS DE CONCRETO - 19CM,ALVENARIA BLOCOS DE CONCRETO 3,MAO DE OBRA,0.590050835148874,H/M2,1.4849
354,Obra B,2021-06-18 13:55:00,BLOCOS VAZADOS DE CONCRETO - 19CM,ALVENARIA BLOCOS DE CONCRETO 3,MAO DE OBRA,0.536062378167641,H/M2,1.4849
355,Obra B,2021-06-21 08:11:30,BLOCOS VAZADOS DE CONCRETO - 19CM,ALVENARIA BLOCOS DE CONCRETO 3,MAO DE OBRA,0.886752136752137,H/M2,1.4849
356,Obra B,2021-06-21 11:02:30,BLOCOS VAZADOS DE CONCRETO - 19CM,ALVENARIA BLOCOS DE CONCRETO 3,MAO DE OBRA,0.965537730243612,H/M2,1.4849
357,Obra B,2021-06-21 11:35:00,BLOCOS VAZADOS DE CONCRETO - 19CM,ALVENARIA BLOCOS DE CONCRETO 3,MAO DE OBRA,1.29954515919428,H/M2,1.4849
358,Obra B,2021-06-22 11:50:00,BLOCOS VAZADOS DE CONCRETO - 19CM,ALVENARIA BLOCOS DE CONCRETO 3,MAO DE OBRA,1.04906937394247,H/M2,1.4849
359,Obra B,2021-06-22 12:00:00,BLOCOS VAZADOS DE CONCRETO - 19CM,ALVENARIA BLOCOS DE CONCRETO 3,MAO DE OBRA,0.987863392605137,H/M2,1.4849
360,Obra B,2021-06-23 11:10:00,BLOCOS VAZADOS DE CONCRETO - 19CM,ALVENARIA BLOCOS DE CONCRETO 3,MAO DE OBRA,0.52757793764988,H/M2,1.4849
361,Obra B,2021-06-23 11:25:00,BLOCOS VAZADOS DE CONCRETO - 19CM,ALVENARIA BLOCOS DE CONCRETO 3,MAO DE OBRA,0.668633235004916,H/M2,1.4849
362,Obra B,2021-06-24 11:02:00,BLOCOS VAZADOS DE CONCRETO - 19CM,ALVENARIA BLOCOS DE CONCRETO 3,MAO DE OBRA,0.801630434782609,H/M2,1.4849
363,Obra B,2021-06-24 11:05:00,BLOCOS VAZADOS DE CONCRETO - 19CM,ALVENARIA BLOCOS DE CONCRETO 3,MAO DE OBRA,0.605413105413105,H/M2,1.4849
364,Obra B,2021-06-24 11:05:30,BLOCOS VAZADOS DE CONCRETO - 19CM,ALVENARIA BLOCOS DE CONCRETO 3,MAO DE OBRA,0.680232558139535,H/M2,1.4849
365,Obra B,2021-06-25 11:10:00,BLOCOS VAZADOS DE CONCRETO - 19CM,ALVENARIA BLOCOS DE CONCRETO 3,MAO DE OBRA,0.783475783475784,H/M2,1.4849
366,Obra B,2021-06-28 11:10:00,BLOCOS VAZADOS DE CONCRETO - 19CM,ALVENARIA BLOCOS DE CONCRETO 3,MAO DE OBRA,0.695970695970696,H/M2,1.4849
367,Obra B,2021-06-29 11:30:00,BLOCOS VAZADOS DE CONCRETO - 19CM,ALVENARIA BLOCOS DE CONCRETO 3,MAO DE OBRA,1.08543417366947,H/M2,1.4849
368,Obra B,2021-06-29 11:33:30,BLOCOS VAZADOS DE CONCRETO - 19CM,ALVENARIA BLOCOS DE CONCRETO 3,MAO DE OBRA,0.845333333333333,H/M2,1.4849
369,Obra B,2021-07-05 11:12:30,BLOCOS VAZADOS DE CONCRETO - 19CM,ALVENARIA BLOCOS DE CONCRETO 3,MAO DE OBRA,0.885416666666667,H/M2,1.4849
370,Obra B,2021-07-06 10:45:00,BLOCOS VAZADOS DE CONCRETO - 19CM,ALVENARIA BLOCOS DE CONCRETO 3,MAO DE OBRA,0.905797101449275,H/M2,1.4849
371,Obra B,2021-07-06 11:07:30,BLOCOS VAZADOS DE CONCRETO - 19CM,ALVENARIA BLOCOS DE CONCRETO 3,MAO DE OBRA,1.77083333333333,H/M2,1.4849
372,Obra B,2021-07-07 08:52:30,BLOCOS VAZADOS DE CONCRETO - 19CM,ALVENARIA BLOCOS DE CONCRETO 3,MAO DE OBRA,0.849443468072642,H/M2,1.4849
373,Obra B,2021-07-07 10:07:30,BLOCOS VAZADOS DE CONCRETO - 19CM,ALVENARIA BLOCOS DE CONCRETO 3,MAO DE OBRA,0.953206239168111,H/M2,1.4849
374,Obra B,2021-07-08 08:18:00,BLOCOS VAZADOS DE CONCRETO - 19CM,ALVENARIA BLOCOS DE CONCRETO 3,MAO DE OBRA,0.666666666666667,H/M2,1.4849
375,Obra B,2021-07-12 12:14:00,BLOCOS VAZADOS DE CONCRETO - 19CM,ALVENARIA BLOCOS DE CONCRETO 3,MAO DE OBRA,0.872641509433962,H/M2,1.4849
376,Obra B,2021-07-13 12:12:30,BLOCOS VAZADOS DE CONCRETO - 19CM,ALVENARIA BLOCOS DE CONCRETO 3,MAO DE OBRA,0.76530612244898,H/M2,1.4849
377,Obra B,2021-07-13 14:00:00,BLOCOS VAZADOS DE CONCRETO - 19CM,ALVENARIA BLOCOS DE CONCRETO 3,MAO DE OBRA,0.701754385964912,H/M2,1.4849
378,Obra B,2021-07-14 11:07:30,BLOCOS VAZADOS DE CONCRETO - 19CM,ALVENARIA BLOCOS DE CONCRETO 3,MAO DE OBRA,0.740972657065331,H/M2,1.4849
379,Obra B,2021-07-14 11:10:00,BLOCOS VAZADOS DE CONCRETO - 19CM,ALVENARIA BLOCOS DE CONCRETO 3,MAO DE OBRA,0.66742944317315,H/M2,1.4849
380,Obra B,2021-07-15 11:27:30,BLOCOS VAZADOS DE CONCRETO - 19CM,ALVENARIA BLOCOS DE CONCRETO 3,MAO DE OBRA,0.498699045967043,H/M2,1.4849
381,Obra B,2021-07-16 11:12:30,BLOCOS VAZADOS DE CONCRETO - 19CM,ALVENARIA BLOCOS DE CONCRETO 3,MAO DE OBRA,0.714561606797992,H/M2,1.4849
382,Obra B,2021-07-16 11:15:00,BLOCOS VAZADOS DE CONCRETO - 19CM,ALVENARIA BLOCOS DE CONCRETO 3,MAO DE OBRA,0.605776736924278,H/M2,1.4849
383,Obra B,2021-07-16 11:20:00,BLOCOS VAZADOS DE CONCRETO - 19CM,ALVENARIA BLOCOS DE CONCRETO 3,MAO DE OBRA,0.803571428571429,H/M2,1.4849
384,Obra B,2021-07-16 11:25:00,BLOCOS VAZADOS DE CONCRETO - 19CM,ALVENARIA BLOCOS DE CONCRETO 3,MAO DE OBRA,0.982943047123446,H/M2,1.4849
385,Obra B,2021-07-19 11:05:00,BLOCOS VAZADOS DE CONCRETO - 19CM,ALVENARIA BLOCOS DE CONCRETO 3,MAO DE OBRA,0.729232720355105,H/M2,1.4849
386,Obra B,2021-07-19 11:25:00,BLOCOS VAZADOS DE CONCRETO - 19CM,ALVENARIA BLOCOS DE CONCRETO 3,MAO DE OBRA,0.57299451918286,H/M2,1.4849
387,Obra B,2021-07-20 09:52:30,BLOCOS VAZADOS DE CONCRETO - 19CM,ALVENARIA BLOCOS DE CONCRETO 3,MAO DE OBRA,0.843621399176955,H/M2,1.4849
388,Obra B,2021-07-20 10:05:00,BLOCOS VAZADOS DE CONCRETO - 19CM,ALVENARIA BLOCOS DE CONCRETO 3,MAO DE OBRA,0.86848635235732,H/M2,1.4849
389,Obra B,2021-07-20 11:25:00,BLOCOS VAZADOS DE CONCRETO - 19CM,ALVENARIA BLOCOS DE CONCRETO 3,MAO DE OBRA,1.07936507936508,H/M2,1.4849
390,Obra B,2021-07-21 11:15:00,BLOCOS VAZADOS DE CONCRETO - 19CM,ALVENARIA BLOCOS DE CONCRETO 3,MAO DE OBRA,2.02803865523343,H/M2,1.4849
391,Obra B,2021-07-22 11:30:00,BLOCOS VAZADOS DE CONCRETO - 19CM,ALVENARIA BLOCOS DE CONCRETO 3,MAO DE OBRA,2.40610328638498,H/M2,1.4849
392,Obra B,2021-07-22 11:40:00,BLOCOS VAZADOS DE CONCRETO - 19CM,ALVENARIA BLOCOS DE CONCRETO 3,MAO DE OBRA,1.30278526504942,H/M2,1.4849
393,Obra B,2021-07-23 10:00:00,BLOCOS VAZADOS DE CONCRETO - 19CM,ALVENARIA BLOCOS DE CONCRETO 3,MAO DE OBRA,0.863930885529158,H/M2,1.4849
394,Obra B,2021-07-23 11:17:30,BLOCOS VAZADOS DE CONCRETO - 19CM,ALVENARIA BLOCOS DE CONCRETO 3,MAO DE OBRA,1.0207336523126,H/M2,1.4849
395,Obra B,2021-07-23 11:20:00,BLOCOS VAZADOS DE CONCRETO - 19CM,ALVENARIA BLOCOS DE CONCRETO 3,MAO DE OBRA,0.766283524904214,H/M2,1.4849
396,Obra B,2021-07-26 11:35:00,BLOCOS VAZADOS DE CONCRETO - 19CM,ALVENARIA BLOCOS DE CONCRETO 3,MAO DE OBRA,0.75516693163752,H/M2,1.4849
397,Obra B,2021-08-04 14:00:00,BLOCOS VAZADOS DE CONCRETO - 19CM,ALVENARIA BLOCOS DE CONCRETO 3,MAO DE OBRA,0.542857142857143,H/M2,1.4849
398,Obra B,2021-08-05 10:03:00,BLOCOS VAZADOS DE CONCRETO - 19CM,ALVENARIA BLOCOS DE CONCRETO 3,MAO DE OBRA,0.90506329113924,H/M2,1.4849
399,Obra B,2021-08-05 11:49:00,BLOCOS VAZADOS DE CONCRETO - 19CM,ALVENARIA BLOCOS DE CONCRETO 3,MAO DE OBRA,0.645690834473324,H/M2,1.4849
400,Obra B,2021-08-06 09:52:30,BLOCOS VAZADOS DE CONCRETO - 19CM,ALVENARIA BLOCOS DE CONCRETO 3,MAO DE OBRA,1,H/M2,1.4849
401,Obra B,2021-08-09 11:00:00,BLOCOS VAZADOS DE CONCRETO - 19CM,ALVENARIA BLOCOS DE CONCRETO 3,MAO DE OBRA,0.547471162377995,H/M2,1.4849
402,Obra B,2021-08-10 10:22:30,BLOCOS VAZADOS DE CONCRETO - 19CM,ALVENARIA BLOCOS DE CONCRETO 3,MAO DE OBRA,0.833333333333333,H/M2,1.4849
403,Obra B,2021-08-10 11:57:30,BLOCOS VAZADOS DE CONCRETO - 19CM,ALVENARIA BLOCOS DE CONCRETO 3,MAO DE OBRA,0.841237113402062,H/M2,1.4849
404,Obra B,2021-08-11 09:40:00,BLOCOS VAZADOS DE CONCRETO - 19CM,ALVENARIA BLOCOS DE CONCRETO 3,MAO DE OBRA,1.3986013986014,H/M2,1.4849
405,Obra B,2021-08-11 11:25:00,BLOCOS VAZADOS DE CONCRETO - 19CM,ALVENARIA BLOCOS DE CONCRETO 3,MAO DE OBRA,0.92891760904685,H/M2,1.4849
406,Obra B,2021-08-13 11:35:00,BLOCOS VAZADOS DE CONCRETO - 19CM,ALVENARIA BLOCOS DE CONCRETO 3,MAO DE OBRA,1.67460317460317,H/M2,1.4849
407,Obra B,2021-08-19 11:40:00,BLOCOS VAZADOS DE CONCRETO - 19CM,ALVENARIA BLOCOS DE CONCRETO 3,MAO DE OBRA,0.439882697947214,H/M2,1.4849
408,Obra B,2021-08-20 10:02:30,BLOCOS VAZADOS DE CONCRETO - 19CM,ALVENARIA BLOCOS DE CONCRETO 3,MAO DE OBRA,0.523226135783563,H/M2,1.4849
409,Obra B,2021-09-03 11:10:00,BLOCOS VAZADOS DE CONCRETO - 19CM,ALVENARIA BLOCOS DE CONCRETO 3,MAO DE OBRA,2.39948119325551,H/M2,1.4849
410,Obra B,2021-09-13 09:25:00,BLOCOS VAZADOS DE CONCRETO - 19CM,ALVENARIA BLOCOS DE CONCRETO 3,MAO DE OBRA,1.39490139490139,H/M2,1.4849
411,Obra C,2021-04-12 13:54:00,BLOCOS VAZADOS DE CONCRETO - 19CM,ALVENARIA BLOCOS DE CONCRETO 3,MAO DE OBRA,1.16883116883117,H/M2,1.4849
412,Obra C,2021-04-12 15:55:00,BLOCOS VAZADOS DE CONCRETO - 19CM,ALVENARIA BLOCOS DE CONCRETO 3,MAO DE OBRA,1.44566666666667,H/M2,1.4849
413,Obra C,2021-04-14 15:29:00,BLOCOS VAZADOS DE CONCRETO - 19CM,ALVENARIA BLOCOS DE CONCRETO 3,MAO DE OBRA,1.15213675213675,H/M2,1.4849
414,Obra C,2021-04-15 15:44:00,BLOCOS VAZADOS DE CONCRETO - 19CM,ALVENARIA BLOCOS DE CONCRETO 3,MAO DE OBRA,0.392222222222222,H/M2,1.4849
415,Obra C,2021-04-16 11:37:30,BLOCOS VAZADOS DE CONCRETO - 19CM,ALVENARIA BLOCOS DE CONCRETO 3,MAO DE OBRA,0.545274289491077,H/M2,1.4849
416,Obra C,2021-04-19 03:00:00,BLOCOS VAZADOS DE CONCRETO - 19CM,ALVENARIA BLOCOS DE CONCRETO 3,MAO DE OBRA,1.53061224489796,H/M2,1.4849
417,Obra C,2021-04-19 12:15:00,BLOCOS VAZADOS DE CONCRETO - 19CM,ALVENARIA BLOCOS DE CONCRETO 3,MAO DE OBRA,1.30308140426184,H/M2,1.4849
418,Obra C,2021-04-19 12:50:00,BLOCOS VAZADOS DE CONCRETO - 19CM,ALVENARIA BLOCOS DE CONCRETO 3,MAO DE OBRA,0.576691729323308,H/M2,1.4849
419,Obra C,2021-04-20 09:45:00,BLOCOS VAZADOS DE CONCRETO - 19CM,ALVENARIA BLOCOS DE CONCRETO 3,MAO DE OBRA,1.49863760217984,H/M2,1.4849
420,Obra C,2021-04-20 12:05:00,BLOCOS VAZADOS DE CONCRETO - 19CM,ALVENARIA BLOCOS DE CONCRETO 3,MAO DE OBRA,0.958357771260997,H/M2,1.4849
421,Obra C,2021-04-22 12:10:00,BLOCOS VAZADOS DE CONCRETO - 19CM,ALVENARIA BLOCOS DE CONCRETO 3,MAO DE OBRA,1.25,H/M2,1.4849
422,Obra C,2021-04-26 11:00:00,BLOCOS VAZADOS DE CONCRETO - 19CM,ALVENARIA BLOCOS DE CONCRETO 3,MAO DE OBRA,1.566,H/M2,1.4849
423,Obra C,2021-04-27 11:30:00,BLOCOS VAZADOS DE CONCRETO - 19CM,ALVENARIA BLOCOS DE CONCRETO 3,MAO DE OBRA,1.5609756097561,H/M2,1.4849
424,Obra C,2021-04-27 12:30:00,BLOCOS VAZADOS DE CONCRETO - 19CM,ALVENARIA BLOCOS DE CONCRETO 3,MAO DE OBRA,1.01010101010101,H/M2,1.4849
425,Obra C,2021-04-28 11:25:00,BLOCOS VAZADOS DE CONCRETO - 19CM,ALVENARIA BLOCOS DE CONCRETO 3,MAO DE OBRA,0.825949367088608,H/M2,1.4849
426,Obra C,2021-04-28 11:35:00,BLOCOS VAZADOS DE CONCRETO - 19CM,ALVENARIA BLOCOS DE CONCRETO 3,MAO DE OBRA,0.730612244897959,H/M2,1.4849
427,Obra C,2021-04-30 11:30:00,BLOCOS VAZADOS DE CONCRETO - 19CM,ALVENARIA BLOCOS DE CONCRETO 3,MAO DE OBRA,2.06881143878463,H/M2,1.4849
428,Obra C,2021-05-03 11:52:00,BLOCOS VAZADOS DE CONCRETO - 19CM,ALVENARIA BLOCOS DE CONCRETO 3,MAO DE OBRA,1.09398496240601,H/M2,1.4849
429,Obra C,2021-05-03 12:00:00,BLOCOS VAZADOS DE CONCRETO - 19CM,ALVENARIA BLOCOS DE CONCRETO 3,MAO DE OBRA,0.976769911504425,H/M2,1.4849
430,Obra C,2021-05-03 12:22:00,BLOCOS VAZADOS DE CONCRETO - 19CM,ALVENARIA BLOCOS DE CONCRETO 3,MAO DE OBRA,1.03620178041543,H/M2,1.4849
431,Obra C,2021-05-04 11:30:00,BLOCOS VAZADOS DE CONCRETO - 19CM,ALVENARIA BLOCOS DE CONCRETO 3,MAO DE OBRA,1.07744107744108,H/M2,1.4849
432,Obra C,2021-05-04 11:50:00,BLOCOS VAZADOS DE CONCRETO - 19CM,ALVENARIA BLOCOS DE CONCRETO 3,MAO DE OBRA,0.872983870967742,H/M2,1.4849
433,Obra C,2021-05-04 12:00:00,BLOCOS VAZADOS DE CONCRETO - 19CM,ALVENARIA BLOCOS DE CONCRETO 3,MAO DE OBRA,1.19891378139851,H/M2,1.4849
434,Obra C,2021-05-05 11:00:00,BLOCOS VAZADOS DE CONCRETO - 19CM,ALVENARIA BLOCOS DE CONCRETO 3,MAO DE OBRA,4.51612903225806,H/M2,1.4849
435,Obra C,2021-05-05 12:00:00,BLOCOS VAZADOS DE CONCRETO - 19CM,ALVENARIA BLOCOS DE CONCRETO 3,MAO DE OBRA,1.13411458333333,H/M2,1.4849
436,Obra C,2021-05-06 11:50:00,BLOCOS VAZADOS DE CONCRETO - 19CM,ALVENARIA BLOCOS DE CONCRETO 3,MAO DE OBRA,1.19613259668508,H/M2,1.4849
437,Obra C,2021-05-06 11:52:30,BLOCOS VAZADOS DE CONCRETO - 19CM,ALVENARIA BLOCOS DE CONCRETO 3,MAO DE OBRA,1.73611111111111,H/M2,1.4849
438,Obra C,2021-05-07 10:50:00,BLOCOS VAZADOS DE CONCRETO - 19CM,ALVENARIA BLOCOS DE CONCRETO 3,MAO DE OBRA,1.17667844522968,H/M2,1.4849
439,Obra C,2021-05-07 11:20:00,BLOCOS VAZADOS DE CONCRETO - 19CM,ALVENARIA BLOCOS DE CONCRETO 3,MAO DE OBRA,4.51176470588235,H/M2,1.4849
440,Obra C,2021-05-10 11:50:00,BLOCOS VAZADOS DE CONCRETO - 19CM,ALVENARIA BLOCOS DE CONCRETO 3,MAO DE OBRA,2.53216374269006,H/M2,1.4849
441,Obra C,2021-05-18 16:15:00,BLOCOS VAZADOS DE CONCRETO - 19CM,ALVENARIA BLOCOS DE CONCRETO 3,MAO DE OBRA,0.919117647058823,H/M2,1.4849
442,Obra C,2021-05-19 12:00:00,BLOCOS VAZADOS DE CONCRETO - 19CM,ALVENARIA BLOCOS DE CONCRETO 3,MAO DE OBRA,0.746578183326421,H/M2,1.4849
443,Obra C,2021-05-20 12:00:00,BLOCOS VAZADOS DE CONCRETO - 19CM,ALVENARIA BLOCOS DE CONCRETO 3,MAO DE OBRA,0.871248789932236,H/M2,1.4849
444,Obra C,2021-05-20 12:35:00,BLOCOS VAZADOS DE CONCRETO - 19CM,ALVENARIA BLOCOS DE CONCRETO 3,MAO DE OBRA,2.83813861386139,H/M2,1.4849
445,Obra C,2021-05-21 11:50:00,BLOCOS VAZADOS DE CONCRETO - 19CM,ALVENARIA BLOCOS DE CONCRETO 3,MAO DE OBRA,3.93909090909091,H/M2,1.4849
446,Obra C,2021-05-24 09:10:00,BLOCOS VAZADOS DE CONCRETO - 19CM,ALVENARIA BLOCOS DE CONCRETO 3,MAO DE OBRA,1.09557522123894,H/M2,1.4849
447,Obra C,2021-05-24 21:40:00,BLOCOS VAZADOS DE CONCRETO - 19CM,ALVENARIA BLOCOS DE CONCRETO 3,MAO DE OBRA,1.27511961722488,H/M2,1.4849
448,Obra C,2021-05-28 13:25:00,BLOCOS VAZADOS DE CONCRETO - 19CM,ALVENARIA BLOCOS DE CONCRETO 3,MAO DE OBRA,0.809725158562368,H/M2,1.4849
449,Obra C,2021-06-04 12:15:00,BLOCOS VAZADOS DE CONCRETO - 19CM,ALVENARIA BLOCOS DE CONCRETO 3,MAO DE OBRA,1.52788104089219,H/M2,1.4849
450,Obra C,2021-06-07 08:50:00,BLOCOS VAZADOS DE CONCRETO - 19CM,ALVENARIA BLOCOS DE CONCRETO 3,MAO DE OBRA,2.48698305084746,H/M2,1.4849
451,Obra C,2021-06-25 11:30:00,BLOCOS VAZADOS DE CONCRETO - 19CM,ALVENARIA BLOCOS DE CONCRETO 3,MAO DE OBRA,1.11111111111111,H/M2,1.4849
452,Obra C,2021-07-05 12:25:00,BLOCOS VAZADOS DE CONCRETO - 19CM,ALVENARIA BLOCOS DE CONCRETO 3,MAO DE OBRA,0.761316872427984,H/M2,1.4849
